-- phpMyAdmin SQL Dump
-- version 5.2.1
-- https://www.phpmyadmin.net/
--
-- Host: 127.0.0.1
-- Generation Time: Nov 10, 2025 at 10:47 AM
-- Server version: 10.4.32-MariaDB
-- PHP Version: 8.2.12

SET SQL_MODE = "NO_AUTO_VALUE_ON_ZERO";
START TRANSACTION;
SET time_zone = "+00:00";


/*!40101 SET @OLD_CHARACTER_SET_CLIENT=@@CHARACTER_SET_CLIENT */;
/*!40101 SET @OLD_CHARACTER_SET_RESULTS=@@CHARACTER_SET_RESULTS */;
/*!40101 SET @OLD_COLLATION_CONNECTION=@@COLLATION_CONNECTION */;
/*!40101 SET NAMES utf8mb4 */;

--
-- Database: `ecommerce_dbb`
--

-- --------------------------------------------------------

--
-- Table structure for table `admin_notifications`
--

CREATE TABLE `admin_notifications` (
  `id` int(11) NOT NULL,
  `admin_id` int(11) NOT NULL,
  `title` varchar(255) NOT NULL,
  `message` text NOT NULL,
  `type` enum('info','warning','success','error') DEFAULT 'info',
  `is_read` tinyint(1) DEFAULT 0,
  `action_url` varchar(500) DEFAULT NULL,
  `created_at` timestamp NOT NULL DEFAULT current_timestamp()
) ENGINE=InnoDB DEFAULT CHARSET=utf8mb4 COLLATE=utf8mb4_general_ci;

--
-- Dumping data for table `admin_notifications`
--

INSERT INTO `admin_notifications` (`id`, `admin_id`, `title`, `message`, `type`, `is_read`, `action_url`, `created_at`) VALUES
(1, 5, '📦 New Product Pending Approval', 'Seller \'Andrea Mendez\' has added a new product \'ARS Trap-A-Rocah Hoy Hoy Cockroach Trap (3pcs)\' (ID: #33) that requires your approval.', 'info', 0, 'admin-products.php?status=pending', '2025-11-04 04:10:45'),
(2, 6, '📦 New Product Pending Approval', 'Seller \'Andrea Mendez\' has added a new product \'ARS Trap-A-Rocah Hoy Hoy Cockroach Trap (3pcs)\' (ID: #33) that requires your approval.', 'info', 0, 'admin-products.php?status=pending', '2025-11-04 04:10:45'),
(4, 5, 'New Product Pending Approval', 'Seller \'Andrea Mendez\' has added a new product \'Original Miraculous Insecticide Chalk\' (ID: #34) that requires your approval.', 'info', 0, 'admin/admin-products.php?status=pending&product_id=34', '2025-11-09 14:52:35'),
(5, 6, 'New Product Pending Approval', 'Seller \'Andrea Mendez\' has added a new product \'Original Miraculous Insecticide Chalk\' (ID: #34) that requires your approval.', 'info', 0, 'admin/admin-products.php?status=pending&product_id=34', '2025-11-09 14:52:35'),
(6, 0, 'New Product Pending Approval', 'Seller \'Andrea Mendez\' has added a new product \'Original Miraculous Insecticide Chalk\' (ID: #34) that requires your approval.', 'info', 1, 'admin/admin-products.php?status=pending&product_id=34', '2025-11-09 14:52:35'),
(7, 0, 'Rejected Return Requests', 'There are 1 return requests rejected by sellers in the last 7 days that may need review', 'warning', 1, 'admin-dashboard.php', '2025-11-09 14:53:20'),
(8, 0, 'Payment Gateway Failures', '1 payment(s) failed in the last 24 hours. Total amount: ₱100.00', 'error', 1, 'admin/admin-orders.php?filter=failed_payments', '2025-11-09 14:53:20'),
(9, 0, 'Rejected Return Requests', 'There are 1 return requests rejected by sellers in the last 7 days that may need review', 'warning', 1, 'admin-dashboard.php', '2025-11-09 19:03:10'),
(10, 0, 'Payment Gateway Failures', '1 payment(s) failed in the last 24 hours. Total amount: ₱100.00', 'error', 1, 'admin-orders.php?filter=failed_payments', '2025-11-09 19:03:10'),
(11, 0, 'Payment Gateway Failures', '1 payment(s) failed in the last 24 hours. Total amount: ₱100.00', 'error', 1, 'admin-dashboard.php', '2025-11-09 21:07:54'),
(12, 0, 'Payment Gateway Failures', '1 payment(s) failed in the last 24 hours. Total amount: ₱100.00', 'error', 1, 'admin-dashboard.php', '2025-11-09 22:37:12'),
(13, 5, 'New Product Pending Approval', 'Seller \'Andrea Mendez\' has added a new product \'Original Miraculous Insecticide Chalk\' (ID: #34) that requires your approval.', 'info', 0, 'admin-products.php?status=pending&product_id=34', '2025-11-09 22:52:28'),
(14, 5, 'New Seller Requests', 'You have 3 pending seller registration requests to review', 'info', 0, 'admin-sellers.php?status=pending', '2025-11-09 22:52:28'),
(15, 5, 'System Data Inconsistency', '5 order(s) have failed payments but are not marked as cancelled. May need review.', 'error', 0, 'admin-dashboard.php', '2025-11-09 22:52:28'),
(16, 5, 'Suspicious Activity Detected', 'User \'John Doe\' (john.doe@example.com) has 7 failed login attempts in the last 15 minutes. Possible brute force attack.', 'warning', 0, 'user-details.php?id=12', '2025-11-09 22:52:28'),
(17, 5, 'Suspicious Activity Detected', 'User \'Jane Smith\' (jane.smith@seller.com) has 6 failed login attempts in the last 15 minutes. Possible brute force attack.', 'warning', 0, 'seller-details.php?id=11', '2025-11-09 22:52:28'),
(18, 5, 'New Seller Requests', 'You have 1 pending seller registration request to review', 'info', 0, 'admin-sellers.php?status=pending', '2025-11-09 22:52:28'),
(19, 5, 'New Product Pending Approval', 'Seller \'CropGuard Solutions\' has added a new product \'Organic Pest Repellent Spray\' (ID: #45) that requires your approval.', 'info', 0, 'admin-products.php?status=pending&product_id=45', '2025-11-09 22:52:28'),
(20, 0, 'New Product Pending Approval', 'Seller \'Andrea Mendez\' has added a new product \'Original Miraculous Insecticide Chalk\' (ID: #34) that requires your approval.', 'info', 1, 'admin-products.php?status=pending&product_id=34', '2025-11-09 23:02:37'),
(21, 0, 'New Seller Requests', 'You have 3 pending seller registration requests to review', 'info', 1, 'admin-sellers.php?status=pending', '2025-11-09 23:02:37'),
(22, 0, 'System Data Inconsistency', '5 order(s) have failed payments but are not marked as cancelled. May need review.', 'error', 1, 'admin-dashboard.php', '2025-11-09 23:02:37'),
(23, 0, 'Suspicious Activity Detected', 'User \'John Doe\' (john.doe@example.com) has 7 failed login attempts in the last 15 minutes. Possible brute force attack.', 'warning', 1, 'user-details.php?id=12', '2025-11-09 23:02:37'),
(24, 0, 'Suspicious Activity Detected', 'User \'Jane Smith\' (jane.smith@seller.com) has 6 failed login attempts in the last 15 minutes. Possible brute force attack.', 'warning', 1, 'seller-details.php?id=11', '2025-11-09 23:02:37'),
(25, 0, 'New Product Pending Approval', 'Seller \'Andrea Mendez\' has added a new product \'Original Miraculous Insecticide Chalk\' (ID: #34) that requires your approval.', 'info', 1, 'admin-products.php?status=pending&product_id=34', '2025-11-09 23:11:47'),
(26, 0, 'New Seller Requests', 'You have 3 pending seller registration requests to review', 'info', 1, 'admin-sellers.php?status=pending', '2025-11-09 23:11:47'),
(27, 0, 'Product Data Issues', '3 product(s) have data issues (missing images, invalid prices, or empty descriptions). Click to review.', 'error', 1, '../product-detail.php?id=34', '2025-11-09 23:11:47'),
(28, 0, 'Suspicious Activity Detected', 'User \'John Doe\' (john.doe@example.com) has 7 failed login attempts in the last 15 minutes. Possible brute force attack.', 'warning', 1, 'user-details.php?id=12', '2025-11-09 23:11:47'),
(29, 0, 'Suspicious Activity Detected', 'User \'Jane Smith\' (jane.smith@seller.com) has 6 failed login attempts in the last 15 minutes. Possible brute force attack.', 'warning', 1, 'seller-details.php?id=11', '2025-11-09 23:11:47'),
(30, 0, 'New Product Pending Approval', 'Seller \'Andrea Mendez\' has added a new product \'Original Miraculous Insecticide Chalk\' (ID: #34) that requires your approval.', 'info', 1, 'admin-products.php?status=pending&product_id=34', '2025-11-09 23:16:47'),
(31, 0, 'New Seller Requests', 'You have 3 pending seller registration requests to review', 'info', 1, 'admin-sellers.php?status=pending', '2025-11-09 23:16:47'),
(32, 0, 'Product Data Issues', '3 product(s) have data issues (missing images, invalid prices, or empty descriptions). Click to review.', 'error', 1, 'admin-products.php?product_id=34', '2025-11-09 23:16:47'),
(33, 0, 'Suspicious Activity Detected', 'User \'John Doe\' (john.doe@example.com) has 7 failed login attempts in the last 15 minutes. Possible brute force attack.', 'warning', 1, 'user-details.php?id=12', '2025-11-09 23:16:47'),
(34, 0, 'Suspicious Activity Detected', 'User \'Jane Smith\' (jane.smith@seller.com) has 6 failed login attempts in the last 15 minutes. Possible brute force attack.', 'warning', 1, 'seller-details.php?id=11', '2025-11-09 23:16:47'),
(35, 0, 'Product Data Issues', '5 product(s) have data issues (missing images, invalid prices, or empty descriptions). Click to review.', 'error', 1, 'admin-products.php?product_id=4', '2025-11-10 00:15:55'),
(36, 0, 'Product Data Issues', '5 product(s) have data issues (missing images, invalid prices, or empty descriptions). Click to review.', 'error', 1, 'admin-products.php?product_id=4', '2025-11-10 00:43:04'),
(37, 0, 'Product Data Issues', '5 product(s) have data issues (missing images, invalid prices, or empty descriptions). Click to review.', 'error', 0, 'admin-products.php?product_id=4', '2025-11-10 02:05:55');

-- --------------------------------------------------------

--
-- Table structure for table `cart`
--

CREATE TABLE `cart` (
  `id` int(10) UNSIGNED NOT NULL,
  `user_id` int(11) DEFAULT NULL,
  `product_id` int(11) DEFAULT NULL,
  `quantity` int(11) NOT NULL DEFAULT 1,
  `added_at` timestamp NOT NULL DEFAULT current_timestamp(),
  `temp_id` int(10) UNSIGNED DEFAULT NULL
) ENGINE=InnoDB DEFAULT CHARSET=utf8mb4 COLLATE=utf8mb4_general_ci;

--
-- Dumping data for table `cart`
--

INSERT INTO `cart` (`id`, `user_id`, `product_id`, `quantity`, `added_at`, `temp_id`) VALUES
(48, 3, 3, 3, '2025-09-05 14:20:26', NULL),
(49, 3, 6, 1, '2025-09-05 14:20:33', NULL),
(50, 6, 3, 1, '2025-09-05 15:12:12', NULL),
(146, 1, 20, 3, '2025-10-04 07:18:16', NULL),
(147, 1, 26, 1, '2025-10-04 07:18:21', NULL),
(148, 1, 30, 1, '2025-10-04 07:18:21', NULL),
(364, 12, 32, 1, '2025-11-10 02:53:45', NULL),
(365, 12, 30, 1, '2025-11-10 02:53:46', NULL);

-- --------------------------------------------------------

--
-- Table structure for table `categories`
--

CREATE TABLE `categories` (
  `id` int(11) NOT NULL,
  `name` varchar(100) NOT NULL,
  `description` text DEFAULT NULL,
  `parent_id` int(11) DEFAULT NULL,
  `seller_id` int(11) DEFAULT NULL
) ENGINE=InnoDB DEFAULT CHARSET=utf8mb4 COLLATE=utf8mb4_general_ci;

--
-- Dumping data for table `categories`
--

INSERT INTO `categories` (`id`, `name`, `description`, `parent_id`, `seller_id`) VALUES
(1, 'Herbicides (weed killers)', '', 76, NULL),
(2, 'Fungicides', '', 76, NULL),
(3, 'Rodenticides (rat &amp; mouse control)', '', 3, NULL),
(75, '🌱 By Target Pest', NULL, NULL, NULL),
(76, '🧴 By Product Type', NULL, NULL, NULL),
(77, '🧑‍🌾 By User / Application', NULL, NULL, NULL),
(78, '🧪 By Formulation', NULL, NULL, NULL),
(79, '🔧 Accessories &amp; Equipment', NULL, NULL, NULL),
(80, '🌍 Eco-Friendly &amp; Alternatives', NULL, NULL, NULL),
(81, 'Insecticides', NULL, 76, NULL),
(84, 'Mosquito &amp; Fly Control', NULL, 75, NULL),
(85, 'Agricultural Use', NULL, 77, NULL),
(86, 'Liquid Concentrates', NULL, 78, NULL),
(87, 'Sprayers (manual, battery, knapsack)', NULL, 79, NULL),
(88, 'Organic &amp; Natural Pesticides', NULL, 80, NULL),
(89, 'Molluscicides (snails &amp; slugs)', NULL, 76, NULL),
(90, 'Termiticides', NULL, 76, NULL),
(91, 'Nematicides (worms &amp; soil pests)', NULL, 76, NULL),
(92, 'Growth Regulators / Plant Protectants', NULL, 76, NULL),
(93, 'Organic / Bio-based Pesticides', NULL, 76, NULL),
(94, 'Household Pest Control', NULL, 76, NULL),
(95, 'Cockroach &amp; Ant Control', NULL, 75, NULL),
(96, 'Bed Bug Control', NULL, 75, NULL),
(97, 'Termite Control', NULL, 75, NULL),
(98, 'Rat &amp; Rodent Control', NULL, 75, NULL),
(99, 'Weed Control', NULL, 75, NULL),
(100, 'Crop-Specific Pest Control (rice, corn, fruits, vegetables, etc.)', NULL, 75, NULL),
(101, 'Fungus &amp; Mold Control', NULL, 75, NULL),
(102, 'Residential Use', NULL, 77, NULL),
(103, 'Commercial / Industrial Use', NULL, 77, NULL),
(104, 'Garden &amp; Lawn Care', NULL, 77, NULL),
(105, 'Public Health / Sanitation', NULL, 77, NULL),
(106, 'Aerosols &amp; Sprays', NULL, 78, NULL),
(107, 'Powders &amp; Dusts', NULL, 78, NULL),
(108, 'Granules', NULL, 78, NULL),
(109, 'Baits', NULL, 78, NULL),
(110, 'Traps', NULL, 78, NULL),
(111, 'Foggers &amp; Misting Machines', NULL, 79, NULL),
(112, 'Protective Gear (gloves, masks, suits)', NULL, 79, NULL),
(113, 'Measuring &amp; Mixing Tools', NULL, 79, NULL),
(114, 'Biological Control (beneficial insects, bacteria, etc.)', NULL, 80, NULL),
(115, 'Eco-safe repellents', NULL, 80, NULL);

-- --------------------------------------------------------

--
-- Table structure for table `discount_codes`
--

CREATE TABLE `discount_codes` (
  `id` int(11) NOT NULL,
  `code` varchar(50) NOT NULL,
  `discount_type` enum('percentage','fixed') NOT NULL DEFAULT 'percentage',
  `discount_value` decimal(10,2) NOT NULL,
  `min_order_amount` decimal(10,2) DEFAULT 0.00,
  `max_uses` int(11) DEFAULT NULL,
  `used_count` int(11) DEFAULT 0,
  `start_date` datetime NOT NULL,
  `end_date` datetime DEFAULT NULL,
  `is_active` tinyint(1) DEFAULT 1,
  `created_by` int(11) DEFAULT NULL,
  `created_at` timestamp NOT NULL DEFAULT current_timestamp(),
  `updated_at` timestamp NOT NULL DEFAULT current_timestamp() ON UPDATE current_timestamp()
) ENGINE=InnoDB DEFAULT CHARSET=utf8mb4 COLLATE=utf8mb4_general_ci;

--
-- Dumping data for table `discount_codes`
--

INSERT INTO `discount_codes` (`id`, `code`, `discount_type`, `discount_value`, `min_order_amount`, `max_uses`, `used_count`, `start_date`, `end_date`, `is_active`, `created_by`, `created_at`, `updated_at`) VALUES
(1, 'ITSTIMEE', 'percentage', 20.00, 500.00, 1, 0, '2025-11-09 23:37:00', '2025-11-23 06:38:00', 1, 0, '2025-11-09 22:40:03', '2025-11-09 22:40:03');

-- --------------------------------------------------------

--
-- Table structure for table `hidden_notifications`
--

CREATE TABLE `hidden_notifications` (
  `id` int(11) NOT NULL,
  `user_id` int(11) NOT NULL,
  `order_id` int(11) NOT NULL,
  `created_at` timestamp NOT NULL DEFAULT current_timestamp()
) ENGINE=InnoDB DEFAULT CHARSET=utf8mb4 COLLATE=utf8mb4_general_ci;

--
-- Dumping data for table `hidden_notifications`
--

INSERT INTO `hidden_notifications` (`id`, `user_id`, `order_id`, `created_at`) VALUES
(1, 12, 210, '2025-10-21 20:03:57'),
(2, 12, 208, '2025-10-21 20:05:09'),
(3, 12, 206, '2025-10-21 20:05:13'),
(4, 12, 168, '2025-10-21 20:05:16'),
(5, 12, 169, '2025-10-21 20:05:17'),
(6, 12, 170, '2025-10-21 20:05:17'),
(7, 12, 220, '2025-10-21 20:06:07'),
(8, 12, 164, '2025-10-21 20:06:11'),
(9, 12, 163, '2025-10-21 20:06:14'),
(10, 12, 162, '2025-10-21 20:06:15'),
(11, 12, 161, '2025-10-21 20:06:23'),
(12, 12, 160, '2025-10-21 20:06:26'),
(13, 12, 219, '2025-10-21 20:10:24'),
(14, 12, 218, '2025-10-21 20:10:25'),
(15, 12, 217, '2025-10-21 20:10:26'),
(16, 12, 203, '2025-10-21 20:10:27'),
(17, 12, 215, '2025-10-21 20:10:27'),
(18, 12, 212, '2025-10-21 20:10:28'),
(19, 12, 197, '2025-10-21 20:12:38'),
(20, 12, 196, '2025-10-21 20:12:39'),
(21, 12, 109, '2025-10-21 20:53:59'),
(22, 12, 110, '2025-10-21 20:53:59'),
(23, 12, 111, '2025-10-21 20:53:59'),
(24, 12, 112, '2025-10-21 20:53:59'),
(25, 12, 113, '2025-10-21 20:53:59'),
(26, 12, 114, '2025-10-21 20:53:59'),
(27, 12, 115, '2025-10-21 20:53:59'),
(28, 12, 116, '2025-10-21 20:53:59'),
(29, 12, 117, '2025-10-21 20:53:59'),
(30, 12, 118, '2025-10-21 20:53:59'),
(31, 12, 119, '2025-10-21 20:53:59'),
(32, 12, 120, '2025-10-21 20:53:59'),
(33, 12, 121, '2025-10-21 20:53:59'),
(34, 12, 122, '2025-10-21 20:53:59'),
(35, 12, 123, '2025-10-21 20:53:59'),
(36, 12, 124, '2025-10-21 20:53:59'),
(37, 12, 125, '2025-10-21 20:53:59'),
(38, 12, 126, '2025-10-21 20:53:59'),
(39, 12, 127, '2025-10-21 20:53:59'),
(40, 12, 128, '2025-10-21 20:53:59'),
(41, 12, 129, '2025-10-21 20:53:59'),
(42, 12, 130, '2025-10-21 20:53:59'),
(43, 12, 131, '2025-10-21 20:53:59'),
(44, 12, 132, '2025-10-21 20:53:59'),
(45, 12, 133, '2025-10-21 20:53:59'),
(46, 12, 134, '2025-10-21 20:53:59'),
(47, 12, 135, '2025-10-21 20:53:59'),
(48, 12, 136, '2025-10-21 20:53:59'),
(49, 12, 137, '2025-10-21 20:53:59'),
(50, 12, 138, '2025-10-21 20:53:59'),
(51, 12, 139, '2025-10-21 20:53:59'),
(52, 12, 140, '2025-10-21 20:53:59'),
(53, 12, 141, '2025-10-21 20:53:59'),
(54, 12, 142, '2025-10-21 20:53:59'),
(55, 12, 143, '2025-10-21 20:53:59'),
(56, 12, 144, '2025-10-21 20:53:59'),
(57, 12, 145, '2025-10-21 20:53:59'),
(58, 12, 146, '2025-10-21 20:53:59'),
(59, 12, 147, '2025-10-21 20:53:59'),
(60, 12, 148, '2025-10-21 20:53:59'),
(61, 12, 149, '2025-10-21 20:53:59'),
(62, 12, 150, '2025-10-21 20:53:59'),
(63, 12, 151, '2025-10-21 20:53:59'),
(64, 12, 152, '2025-10-21 20:53:59'),
(65, 12, 153, '2025-10-21 20:53:59'),
(66, 12, 154, '2025-10-21 20:53:59'),
(67, 12, 155, '2025-10-21 20:53:59'),
(68, 12, 158, '2025-10-21 20:53:59'),
(69, 12, 159, '2025-10-21 20:53:59'),
(70, 12, 165, '2025-10-21 20:53:59'),
(71, 12, 166, '2025-10-21 20:53:59'),
(72, 12, 167, '2025-10-21 20:53:59'),
(73, 12, 171, '2025-10-21 20:53:59'),
(74, 12, 172, '2025-10-21 20:53:59'),
(75, 12, 173, '2025-10-21 20:53:59'),
(76, 12, 174, '2025-10-21 20:53:59'),
(77, 12, 175, '2025-10-21 20:53:59'),
(78, 12, 176, '2025-10-21 20:53:59'),
(79, 12, 177, '2025-10-21 20:53:59'),
(80, 12, 178, '2025-10-21 20:53:59'),
(81, 12, 179, '2025-10-21 20:53:59'),
(82, 12, 180, '2025-10-21 20:53:59'),
(83, 12, 181, '2025-10-21 20:53:59'),
(84, 12, 182, '2025-10-21 20:53:59'),
(85, 12, 183, '2025-10-21 20:53:59'),
(86, 12, 184, '2025-10-21 20:53:59'),
(87, 12, 185, '2025-10-21 20:53:59'),
(88, 12, 186, '2025-10-21 20:53:59'),
(89, 12, 187, '2025-10-21 20:53:59'),
(90, 12, 188, '2025-10-21 20:53:59'),
(91, 12, 189, '2025-10-21 20:53:59'),
(92, 12, 190, '2025-10-21 20:53:59'),
(93, 12, 191, '2025-10-21 20:53:59'),
(94, 12, 192, '2025-10-21 20:53:59'),
(95, 12, 193, '2025-10-21 20:53:59'),
(96, 12, 194, '2025-10-21 20:53:59'),
(97, 12, 195, '2025-10-21 20:53:59'),
(98, 12, 198, '2025-10-21 20:53:59'),
(99, 12, 199, '2025-10-21 20:53:59'),
(100, 12, 200, '2025-10-21 20:53:59'),
(101, 12, 201, '2025-10-21 20:53:59'),
(102, 12, 202, '2025-10-21 20:53:59'),
(103, 12, 204, '2025-10-21 20:53:59'),
(104, 12, 205, '2025-10-21 20:53:59'),
(105, 12, 207, '2025-10-21 20:53:59'),
(106, 12, 209, '2025-10-21 20:53:59'),
(107, 12, 211, '2025-10-21 20:53:59'),
(108, 12, 213, '2025-10-21 20:53:59'),
(109, 12, 214, '2025-10-21 20:53:59'),
(110, 12, 216, '2025-10-21 20:53:59'),
(112, 12, 222, '2025-10-23 08:32:45'),
(113, 9, 242, '2025-10-24 12:10:32'),
(115, 9, 229, '2025-10-24 12:10:34'),
(116, 9, 27, '2025-10-24 12:10:55'),
(117, 9, 28, '2025-10-24 12:10:55'),
(118, 9, 29, '2025-10-24 12:10:55'),
(119, 9, 31, '2025-10-24 12:10:55'),
(120, 9, 32, '2025-10-24 12:10:55'),
(121, 9, 33, '2025-10-24 12:10:55'),
(122, 9, 34, '2025-10-24 12:10:55'),
(123, 9, 35, '2025-10-24 12:10:55'),
(124, 9, 36, '2025-10-24 12:10:55'),
(125, 9, 37, '2025-10-24 12:10:55'),
(126, 9, 38, '2025-10-24 12:10:55'),
(127, 9, 39, '2025-10-24 12:10:55'),
(128, 9, 40, '2025-10-24 12:10:55'),
(129, 9, 41, '2025-10-24 12:10:55'),
(130, 9, 42, '2025-10-24 12:10:55'),
(131, 9, 43, '2025-10-24 12:10:55'),
(132, 9, 44, '2025-10-24 12:10:55'),
(133, 9, 45, '2025-10-24 12:10:55'),
(134, 9, 47, '2025-10-24 12:10:55'),
(135, 9, 48, '2025-10-24 12:10:55'),
(136, 9, 49, '2025-10-24 12:10:55'),
(137, 9, 50, '2025-10-24 12:10:55'),
(138, 9, 53, '2025-10-24 12:10:55'),
(139, 9, 54, '2025-10-24 12:10:55'),
(140, 9, 55, '2025-10-24 12:10:55'),
(141, 9, 56, '2025-10-24 12:10:55'),
(142, 9, 57, '2025-10-24 12:10:55'),
(143, 9, 58, '2025-10-24 12:10:55'),
(144, 9, 59, '2025-10-24 12:10:55'),
(145, 9, 60, '2025-10-24 12:10:55'),
(146, 9, 61, '2025-10-24 12:10:55'),
(147, 9, 62, '2025-10-24 12:10:55'),
(148, 9, 63, '2025-10-24 12:10:55'),
(149, 9, 64, '2025-10-24 12:10:55'),
(150, 9, 65, '2025-10-24 12:10:55'),
(151, 9, 66, '2025-10-24 12:10:55'),
(152, 9, 67, '2025-10-24 12:10:55'),
(153, 9, 68, '2025-10-24 12:10:55'),
(154, 9, 69, '2025-10-24 12:10:55'),
(155, 9, 70, '2025-10-24 12:10:55'),
(156, 9, 71, '2025-10-24 12:10:55'),
(157, 9, 72, '2025-10-24 12:10:55'),
(158, 9, 73, '2025-10-24 12:10:55'),
(159, 9, 74, '2025-10-24 12:10:55'),
(160, 9, 75, '2025-10-24 12:10:55'),
(161, 9, 76, '2025-10-24 12:10:55'),
(162, 9, 77, '2025-10-24 12:10:55'),
(163, 9, 81, '2025-10-24 12:10:55'),
(164, 9, 82, '2025-10-24 12:10:55'),
(165, 9, 83, '2025-10-24 12:10:55'),
(166, 9, 84, '2025-10-24 12:10:55'),
(167, 9, 85, '2025-10-24 12:10:55'),
(168, 9, 86, '2025-10-24 12:10:55'),
(169, 9, 87, '2025-10-24 12:10:55'),
(170, 9, 88, '2025-10-24 12:10:55'),
(171, 9, 89, '2025-10-24 12:10:55'),
(172, 9, 90, '2025-10-24 12:10:55'),
(173, 9, 91, '2025-10-24 12:10:55'),
(174, 9, 92, '2025-10-24 12:10:55'),
(175, 9, 93, '2025-10-24 12:10:55'),
(176, 9, 94, '2025-10-24 12:10:55'),
(177, 9, 95, '2025-10-24 12:10:55'),
(178, 9, 96, '2025-10-24 12:10:55'),
(179, 9, 97, '2025-10-24 12:10:55'),
(180, 9, 98, '2025-10-24 12:10:55'),
(181, 9, 99, '2025-10-24 12:10:55'),
(182, 9, 100, '2025-10-24 12:10:55'),
(183, 9, 101, '2025-10-24 12:10:55'),
(184, 9, 102, '2025-10-24 12:10:55'),
(185, 9, 103, '2025-10-24 12:10:55'),
(186, 9, 230, '2025-10-24 12:10:55'),
(187, 9, 240, '2025-10-24 12:10:55'),
(188, 9, 241, '2025-10-24 12:10:55'),
(191, 9, 243, '2025-10-24 14:19:51'),
(196, 9, 245, '2025-10-29 15:16:38'),
(197, 9, 246, '2025-10-29 15:16:40'),
(198, 9, 248, '2025-10-29 15:21:14'),
(200, 9, 247, '2025-10-29 16:20:28'),
(209, 9, 244, '2025-10-29 16:44:25'),
(211, 12, 223, '2025-11-01 04:16:39'),
(212, 12, 228, '2025-11-01 04:16:40');

-- --------------------------------------------------------

--
-- Table structure for table `login_attempts`
--

CREATE TABLE `login_attempts` (
  `id` int(11) NOT NULL,
  `username` varchar(255) NOT NULL,
  `user_id` int(11) DEFAULT NULL,
  `user_type` varchar(50) DEFAULT NULL,
  `ip_address` varchar(45) DEFAULT NULL,
  `success` tinyint(1) DEFAULT 0,
  `created_at` timestamp NOT NULL DEFAULT current_timestamp()
) ENGINE=InnoDB DEFAULT CHARSET=utf8mb4 COLLATE=utf8mb4_general_ci;

--
-- Dumping data for table `login_attempts`
--

INSERT INTO `login_attempts` (`id`, `username`, `user_id`, `user_type`, `ip_address`, `success`, `created_at`) VALUES
(1, 'plantita', 11, 'seller', '::1', 0, '2025-11-09 23:23:09'),
(2, 'plantita', 11, 'seller', '::1', 1, '2025-11-09 23:23:13');

-- --------------------------------------------------------

--
-- Table structure for table `low_stock_alerts`
--

CREATE TABLE `low_stock_alerts` (
  `id` int(11) NOT NULL,
  `product_id` int(11) DEFAULT NULL,
  `seller_id` int(11) DEFAULT NULL,
  `current_stock` int(11) DEFAULT NULL,
  `alert_threshold` int(11) DEFAULT 10,
  `created_at` timestamp NOT NULL DEFAULT current_timestamp(),
  `is_resolved` tinyint(1) DEFAULT 0
) ENGINE=InnoDB DEFAULT CHARSET=utf8mb4 COLLATE=utf8mb4_general_ci;

-- --------------------------------------------------------

--
-- Table structure for table `notifications`
--

CREATE TABLE `notifications` (
  `id` int(11) NOT NULL,
  `user_id` int(11) NOT NULL,
  `order_id` int(11) DEFAULT NULL,
  `message` text NOT NULL,
  `type` varchar(50) DEFAULT 'order_update',
  `is_read` tinyint(1) DEFAULT 0,
  `created_at` timestamp NOT NULL DEFAULT current_timestamp()
) ENGINE=InnoDB DEFAULT CHARSET=utf8mb4 COLLATE=utf8mb4_general_ci;

--
-- Dumping data for table `notifications`
--

INSERT INTO `notifications` (`id`, `user_id`, `order_id`, `message`, `type`, `is_read`, `created_at`) VALUES
(20, 12, 223, 'Order #000223 has been placed successfully with step step.', 'order_placed', 0, '2025-10-22 06:48:27'),
(40, 9, 248, 'Great news! Your order has been shipped.', 'info', 0, '2025-10-29 16:44:43'),
(41, 9, 247, 'Great news! Your order has been shipped.', 'info', 0, '2025-10-29 16:50:05'),
(42, 9, 246, 'Great news! Your order has been shipped.', 'info', 0, '2025-10-29 16:50:07'),
(43, 9, 248, 'Your order has been delivered. Thank you for your purchase!', 'info', 0, '2025-10-29 16:50:37'),
(44, 9, 247, 'Your order has been delivered. Thank you for your purchase!', 'info', 0, '2025-10-29 16:50:55'),
(45, 9, 249, 'Order #000249 has been placed successfully with step step.', 'order_placed', 0, '2025-10-30 12:08:54'),
(46, 9, 250, 'Order #000250 has been placed successfully with step step.', 'order_placed', 0, '2025-10-30 15:12:28'),
(47, 12, 127, 'Your order is now being processed.', 'info', 0, '2025-11-01 06:56:42'),
(48, 12, 133, 'Great news! Your order has been shipped.', 'info', 0, '2025-11-01 06:57:33'),
(52, 12, 254, 'Order #000254 has been placed successfully with step step.', 'order_placed', 0, '2025-11-05 08:46:57'),
(53, 12, 251, 'Your order is now being processed.', 'info', 0, '2025-11-05 09:08:48'),
(54, 12, 251, 'Great news! Your order has been shipped.', 'info', 0, '2025-11-05 09:08:58'),
(55, 12, 251, 'Your order has been delivered. Thank you for your purchase!', 'info', 0, '2025-11-05 09:36:22'),
(56, 12, 227, 'Your order is now being processed.', 'info', 0, '2025-11-05 09:50:57'),
(57, 9, 243, 'Your order is now being processed.', 'info', 0, '2025-11-05 09:51:02'),
(58, 9, 243, 'Great news! Your order has been shipped.', 'info', 0, '2025-11-05 09:51:10'),
(59, 9, 243, 'Your order has been delivered. Thank you for your purchase!', 'info', 0, '2025-11-05 09:51:35'),
(60, 12, 227, 'Great news! Your order has been shipped.', 'info', 0, '2025-11-05 09:51:57'),
(61, 12, 227, 'Your order has been delivered. Thank you for your purchase!', 'info', 0, '2025-11-05 09:52:05'),
(62, 12, 203, 'Great news! Your order has been shipped.', 'info', 0, '2025-11-06 08:46:31'),
(63, 12, 203, 'Your order has been delivered. Thank you for your purchase!', 'info', 0, '2025-11-06 08:46:54'),
(64, 12, 202, 'Your order has been cancelled.', 'info', 0, '2025-11-06 08:58:21'),
(65, 12, 201, 'Your order is now being processed.', 'info', 0, '2025-11-06 08:58:27'),
(66, 12, 255, 'Order #000255 has been placed successfully with step step.', 'order_placed', 0, '2025-11-06 11:27:28'),
(67, 12, 256, 'Order #000256 has been placed successfully with Plantita.', 'order_placed', 0, '2025-11-06 22:57:20'),
(68, 12, 257, 'Order #000257 has been placed successfully with Plantita.', 'order_placed', 0, '2025-11-06 22:58:20'),
(69, 12, 258, 'Order #000258 has been placed successfully with Plantita.', 'order_placed', 0, '2025-11-07 05:35:44'),
(70, 12, 259, 'Order #000259 has been placed successfully with Plantita.', 'order_placed', 0, '2025-11-07 05:35:56'),
(71, 12, 260, 'Order #000260 has been placed successfully with Plantita.', 'order_placed', 0, '2025-11-07 05:37:39'),
(72, 12, 261, 'Order #000261 has been placed successfully with step step.', 'order_placed', 0, '2025-11-07 05:40:21'),
(73, 12, 262, 'Order #000262 has been placed successfully with step step.', 'order_placed', 0, '2025-11-07 05:40:33'),
(74, 12, 263, 'Order #000263 has been placed successfully with Plantita.', 'order_placed', 0, '2025-11-07 05:40:33'),
(75, 12, 264, 'Order #000264 has been placed successfully with Plantita.', 'order_placed', 0, '2025-11-07 05:41:08'),
(76, 12, 265, 'Order #000265 has been placed successfully with Plantita.', 'order_placed', 0, '2025-11-07 05:46:31'),
(77, 12, 266, 'Order #000266 has been placed successfully with step step.', 'order_placed', 0, '2025-11-07 05:47:01'),
(78, 12, 267, 'Order #000267 has been placed successfully with Plantita.', 'order_placed', 0, '2025-11-07 05:47:45'),
(79, 12, 268, 'Order #000268 has been placed successfully with Plantita.', 'order_placed', 0, '2025-11-07 05:48:06'),
(80, 12, 269, 'Order #000269 has been placed successfully with Plantita.', 'order_placed', 0, '2025-11-07 05:48:25'),
(81, 12, 270, 'Order #000270 has been placed successfully with Plantita.', 'order_placed', 0, '2025-11-07 06:03:21'),
(82, 12, 281, 'Order #000281 has been placed successfully with step step.', 'order_placed', 0, '2025-11-07 06:38:26'),
(83, 12, 282, 'Order #000282 has been placed successfully with Plantita.', 'order_placed', 0, '2025-11-07 06:38:26'),
(84, 12, 305, 'Order #000305 has been placed successfully.', 'order_placed', 0, '2025-11-07 20:36:19'),
(85, 12, 306, 'Order #000306 has been placed successfully.', 'order_placed', 0, '2025-11-07 20:36:19'),
(86, 12, 307, 'Order #000307 has been placed successfully.', 'order_placed', 0, '2025-11-07 20:46:45'),
(87, 12, 308, 'Order #000308 has been placed successfully.', 'order_placed', 0, '2025-11-08 05:27:37'),
(88, 12, 309, 'Order #000309 has been placed successfully.', 'order_placed', 0, '2025-11-08 05:30:39'),
(89, 12, 308, 'Your order is now being processed.', 'info', 0, '2025-11-08 06:44:33'),
(90, 12, 308, 'Great news! Your order has been shipped.', 'info', 0, '2025-11-08 06:45:18'),
(91, 12, 308, 'Your order has been delivered. Thank you for your purchase!', 'info', 0, '2025-11-08 06:46:55'),
(92, 12, 307, 'Your order is now being processed.', 'info', 0, '2025-11-08 07:31:21'),
(93, 12, 307, 'Great news! Your order has been shipped.', 'info', 0, '2025-11-08 07:31:25'),
(94, 12, 307, 'Your order has been delivered by the courier. Please confirm when you receive it.', 'info', 0, '2025-11-08 07:31:31'),
(95, 12, 307, '✅ Order #000307 has been completed! Thank you for your purchase.', 'info', 0, '2025-11-08 07:33:30'),
(96, 12, 310, 'Order #000310 has been placed successfully.', 'order_placed', 0, '2025-11-09 09:58:55'),
(97, 12, 311, 'Order #000311 has been placed successfully.', 'order_placed', 0, '2025-11-09 10:08:31'),
(98, 12, 312, 'Order #000312 has been placed successfully.', 'order_placed', 0, '2025-11-09 14:01:09'),
(99, 12, 213, '✅ Order #000213 has been completed! Thank you for your purchase.', 'info', 0, '2025-11-09 14:35:30'),
(100, 12, 203, '✅ Order #000203 has been completed! Thank you for your purchase.', 'info', 0, '2025-11-09 14:39:53'),
(101, 12, 313, 'Order #000313 has been placed successfully.', 'order_placed', 0, '2025-11-09 14:43:45'),
(102, 12, 312, 'Your order is now being processed.', 'info', 0, '2025-11-09 14:44:19'),
(103, 12, 312, 'Great news! Your order has been shipped.', 'info', 0, '2025-11-09 14:44:23'),
(104, 12, 312, 'Your order has been delivered by the courier. Please confirm when you receive it.', 'info', 0, '2025-11-09 14:44:28'),
(105, 12, 312, '✅ Order #000312 has been completed! Thank you for your purchase.', 'info', 0, '2025-11-09 14:44:53'),
(106, 12, 314, 'Order #000314 has been placed successfully.', 'order_placed', 0, '2025-11-10 00:36:27'),
(107, 12, 315, 'Order #000315 has been placed successfully.', 'order_placed', 0, '2025-11-10 02:49:51'),
(108, 12, 316, 'Order #000316 has been placed successfully.', 'order_placed', 0, '2025-11-10 02:53:36');

-- --------------------------------------------------------

--
-- Table structure for table `notification_reads`
--

CREATE TABLE `notification_reads` (
  `id` int(11) NOT NULL,
  `user_id` int(11) NOT NULL,
  `order_id` int(11) NOT NULL,
  `notification_type` enum('order_update','custom') NOT NULL,
  `read_at` timestamp NOT NULL DEFAULT current_timestamp()
) ENGINE=InnoDB DEFAULT CHARSET=utf8mb4 COLLATE=utf8mb4_general_ci;

--
-- Dumping data for table `notification_reads`
--

INSERT INTO `notification_reads` (`id`, `user_id`, `order_id`, `notification_type`, `read_at`) VALUES
(1, 9, 247, 'custom', '2025-10-30 15:13:05'),
(2, 9, 27, 'order_update', '2025-10-30 15:13:05'),
(3, 9, 28, 'order_update', '2025-10-30 15:13:05'),
(4, 9, 29, 'order_update', '2025-10-30 15:13:05'),
(5, 9, 31, 'order_update', '2025-10-30 15:13:05'),
(6, 9, 32, 'order_update', '2025-10-30 15:13:05'),
(7, 9, 33, 'order_update', '2025-10-30 15:13:05'),
(8, 9, 34, 'order_update', '2025-10-30 15:13:05'),
(9, 9, 35, 'order_update', '2025-10-30 15:13:05'),
(10, 9, 36, 'order_update', '2025-10-30 15:13:05'),
(11, 9, 37, 'order_update', '2025-10-30 15:13:05'),
(12, 9, 38, 'order_update', '2025-10-30 15:13:05'),
(13, 9, 39, 'order_update', '2025-10-30 15:13:05'),
(14, 9, 40, 'order_update', '2025-10-30 15:13:05'),
(15, 9, 41, 'order_update', '2025-10-30 15:13:05'),
(16, 9, 42, 'order_update', '2025-10-30 15:13:05'),
(17, 9, 43, 'order_update', '2025-10-30 15:13:05'),
(18, 9, 44, 'order_update', '2025-10-30 15:13:05'),
(19, 9, 45, 'order_update', '2025-10-30 15:13:05'),
(20, 9, 47, 'order_update', '2025-10-30 15:13:05'),
(21, 9, 48, 'order_update', '2025-10-30 15:13:05'),
(22, 9, 49, 'order_update', '2025-10-30 15:13:05'),
(23, 9, 50, 'order_update', '2025-10-30 15:13:05'),
(24, 9, 53, 'order_update', '2025-10-30 15:13:05'),
(25, 9, 54, 'order_update', '2025-10-30 15:13:05'),
(26, 9, 55, 'order_update', '2025-10-30 15:13:05'),
(27, 9, 56, 'order_update', '2025-10-30 15:13:05'),
(28, 9, 57, 'order_update', '2025-10-30 15:13:05'),
(29, 9, 58, 'order_update', '2025-10-30 15:13:05'),
(30, 9, 59, 'order_update', '2025-10-30 15:13:05'),
(31, 9, 60, 'order_update', '2025-10-30 15:13:05'),
(32, 9, 61, 'order_update', '2025-10-30 15:13:05'),
(33, 9, 62, 'order_update', '2025-10-30 15:13:05'),
(34, 9, 63, 'order_update', '2025-10-30 15:13:05'),
(35, 9, 64, 'order_update', '2025-10-30 15:13:05'),
(36, 9, 65, 'order_update', '2025-10-30 15:13:05'),
(37, 9, 66, 'order_update', '2025-10-30 15:13:05'),
(38, 9, 67, 'order_update', '2025-10-30 15:13:05'),
(39, 9, 68, 'order_update', '2025-10-30 15:13:05'),
(40, 9, 69, 'order_update', '2025-10-30 15:13:05'),
(41, 9, 70, 'order_update', '2025-10-30 15:13:05'),
(42, 9, 71, 'order_update', '2025-10-30 15:13:05'),
(43, 9, 72, 'order_update', '2025-10-30 15:13:05'),
(44, 9, 73, 'order_update', '2025-10-30 15:13:05'),
(45, 9, 74, 'order_update', '2025-10-30 15:13:05'),
(46, 9, 75, 'order_update', '2025-10-30 15:13:05'),
(47, 9, 76, 'order_update', '2025-10-30 15:13:05'),
(48, 9, 77, 'order_update', '2025-10-30 15:13:05'),
(49, 9, 81, 'order_update', '2025-10-30 15:13:05'),
(50, 9, 82, 'order_update', '2025-10-30 15:13:05'),
(51, 9, 83, 'order_update', '2025-10-30 15:13:05'),
(52, 9, 84, 'order_update', '2025-10-30 15:13:05'),
(53, 9, 85, 'order_update', '2025-10-30 15:13:05'),
(54, 9, 86, 'order_update', '2025-10-30 15:13:05'),
(55, 9, 87, 'order_update', '2025-10-30 15:13:05'),
(56, 9, 88, 'order_update', '2025-10-30 15:13:05'),
(57, 9, 89, 'order_update', '2025-10-30 15:13:05'),
(58, 9, 90, 'order_update', '2025-10-30 15:13:05'),
(59, 9, 91, 'order_update', '2025-10-30 15:13:05'),
(60, 9, 92, 'order_update', '2025-10-30 15:13:05'),
(61, 9, 93, 'order_update', '2025-10-30 15:13:05'),
(62, 9, 94, 'order_update', '2025-10-30 15:13:05'),
(63, 9, 95, 'order_update', '2025-10-30 15:13:05'),
(64, 9, 96, 'order_update', '2025-10-30 15:13:05'),
(65, 9, 97, 'order_update', '2025-10-30 15:13:05'),
(66, 9, 98, 'order_update', '2025-10-30 15:13:05'),
(67, 9, 99, 'order_update', '2025-10-30 15:13:05'),
(68, 9, 100, 'order_update', '2025-10-30 15:13:05'),
(69, 9, 101, 'order_update', '2025-10-30 15:13:05'),
(70, 9, 102, 'order_update', '2025-10-30 15:13:05'),
(71, 9, 103, 'order_update', '2025-10-30 15:13:05'),
(72, 9, 229, 'order_update', '2025-10-30 15:13:05'),
(73, 9, 230, 'order_update', '2025-10-30 15:13:05'),
(74, 9, 240, 'order_update', '2025-10-30 15:13:05'),
(75, 9, 241, 'order_update', '2025-10-30 15:13:05'),
(76, 9, 242, 'order_update', '2025-10-30 15:13:05'),
(77, 9, 243, 'order_update', '2025-10-30 15:13:05'),
(78, 9, 244, 'order_update', '2025-10-30 15:13:05'),
(79, 9, 245, 'order_update', '2025-10-30 15:13:05'),
(80, 9, 246, 'order_update', '2025-10-30 15:13:05'),
(81, 9, 247, 'order_update', '2025-10-30 15:13:05'),
(82, 9, 248, 'order_update', '2025-10-30 15:13:05'),
(129, 9, 248, 'custom', '2025-10-30 15:13:05'),
(149, 9, 246, 'custom', '2025-10-30 15:13:05'),
(162, 9, 249, 'order_update', '2025-10-30 15:13:05'),
(163, 9, 249, 'custom', '2025-10-30 15:13:05'),
(166, 9, 250, 'order_update', '2025-10-30 15:13:05'),
(167, 9, 250, 'custom', '2025-10-30 15:13:05'),
(169, 12, 226, 'order_update', '2025-11-05 10:00:22'),
(170, 12, 133, 'custom', '2025-11-05 10:00:22'),
(171, 12, 223, 'custom', '2025-11-05 10:00:22'),
(175, 12, 127, 'custom', '2025-11-05 10:00:22'),
(179, 12, 109, 'order_update', '2025-11-05 10:00:22'),
(180, 12, 110, 'order_update', '2025-11-05 10:00:22'),
(181, 12, 111, 'order_update', '2025-11-05 10:00:22'),
(182, 12, 112, 'order_update', '2025-11-05 10:00:22'),
(183, 12, 113, 'order_update', '2025-11-05 10:00:22'),
(184, 12, 114, 'order_update', '2025-11-05 10:00:22'),
(185, 12, 115, 'order_update', '2025-11-05 10:00:22'),
(186, 12, 116, 'order_update', '2025-11-05 10:00:22'),
(187, 12, 117, 'order_update', '2025-11-05 10:00:22'),
(188, 12, 118, 'order_update', '2025-11-05 10:00:22'),
(189, 12, 119, 'order_update', '2025-11-05 10:00:22'),
(190, 12, 120, 'order_update', '2025-11-05 10:00:22'),
(191, 12, 121, 'order_update', '2025-11-05 10:00:22'),
(192, 12, 122, 'order_update', '2025-11-05 10:00:22'),
(193, 12, 123, 'order_update', '2025-11-05 10:00:22'),
(194, 12, 124, 'order_update', '2025-11-05 10:00:22'),
(195, 12, 125, 'order_update', '2025-11-05 10:00:22'),
(196, 12, 126, 'order_update', '2025-11-05 10:00:22'),
(197, 12, 127, 'order_update', '2025-11-05 10:00:22'),
(198, 12, 128, 'order_update', '2025-11-05 10:00:22'),
(199, 12, 129, 'order_update', '2025-11-05 10:00:22'),
(200, 12, 130, 'order_update', '2025-11-05 10:00:22'),
(201, 12, 131, 'order_update', '2025-11-05 10:00:22'),
(202, 12, 132, 'order_update', '2025-11-05 10:00:22'),
(203, 12, 133, 'order_update', '2025-11-05 10:00:22'),
(204, 12, 134, 'order_update', '2025-11-05 10:00:22'),
(205, 12, 135, 'order_update', '2025-11-05 10:00:22'),
(206, 12, 136, 'order_update', '2025-11-05 10:00:22'),
(207, 12, 137, 'order_update', '2025-11-05 10:00:22'),
(208, 12, 138, 'order_update', '2025-11-05 10:00:22'),
(209, 12, 139, 'order_update', '2025-11-05 10:00:22'),
(210, 12, 140, 'order_update', '2025-11-05 10:00:22'),
(211, 12, 141, 'order_update', '2025-11-05 10:00:22'),
(212, 12, 142, 'order_update', '2025-11-05 10:00:22'),
(213, 12, 143, 'order_update', '2025-11-05 10:00:22'),
(214, 12, 144, 'order_update', '2025-11-05 10:00:22'),
(215, 12, 145, 'order_update', '2025-11-05 10:00:22'),
(216, 12, 146, 'order_update', '2025-11-05 10:00:22'),
(217, 12, 147, 'order_update', '2025-11-05 10:00:22'),
(218, 12, 148, 'order_update', '2025-11-05 10:00:22'),
(219, 12, 149, 'order_update', '2025-11-05 10:00:22'),
(220, 12, 150, 'order_update', '2025-11-05 10:00:22'),
(221, 12, 151, 'order_update', '2025-11-05 10:00:22'),
(222, 12, 152, 'order_update', '2025-11-05 10:00:22'),
(223, 12, 153, 'order_update', '2025-11-05 10:00:22'),
(224, 12, 154, 'order_update', '2025-11-05 10:00:22'),
(225, 12, 155, 'order_update', '2025-11-05 10:00:22'),
(226, 12, 158, 'order_update', '2025-11-05 10:00:22'),
(227, 12, 159, 'order_update', '2025-11-05 10:00:22'),
(228, 12, 160, 'order_update', '2025-11-05 10:00:22'),
(229, 12, 161, 'order_update', '2025-11-05 10:00:22'),
(230, 12, 162, 'order_update', '2025-11-05 10:00:22'),
(231, 12, 163, 'order_update', '2025-11-05 10:00:22'),
(232, 12, 164, 'order_update', '2025-11-05 10:00:22'),
(233, 12, 165, 'order_update', '2025-11-05 10:00:22'),
(234, 12, 166, 'order_update', '2025-11-05 10:00:22'),
(235, 12, 167, 'order_update', '2025-11-05 10:00:22'),
(236, 12, 168, 'order_update', '2025-11-05 10:00:22'),
(237, 12, 169, 'order_update', '2025-11-05 10:00:22'),
(238, 12, 170, 'order_update', '2025-11-05 10:00:22'),
(239, 12, 171, 'order_update', '2025-11-05 10:00:22'),
(240, 12, 172, 'order_update', '2025-11-05 10:00:22'),
(241, 12, 173, 'order_update', '2025-11-05 10:00:22'),
(242, 12, 174, 'order_update', '2025-11-05 10:00:22'),
(243, 12, 175, 'order_update', '2025-11-05 10:00:22'),
(244, 12, 176, 'order_update', '2025-11-05 10:00:22'),
(245, 12, 177, 'order_update', '2025-11-05 10:00:22'),
(246, 12, 178, 'order_update', '2025-11-05 10:00:22'),
(247, 12, 179, 'order_update', '2025-11-05 10:00:22'),
(248, 12, 180, 'order_update', '2025-11-05 10:00:22'),
(249, 12, 181, 'order_update', '2025-11-05 10:00:22'),
(250, 12, 182, 'order_update', '2025-11-05 10:00:22'),
(251, 12, 183, 'order_update', '2025-11-05 10:00:22'),
(252, 12, 184, 'order_update', '2025-11-05 10:00:22'),
(253, 12, 185, 'order_update', '2025-11-05 10:00:22'),
(254, 12, 186, 'order_update', '2025-11-05 10:00:22'),
(255, 12, 187, 'order_update', '2025-11-05 10:00:22'),
(256, 12, 188, 'order_update', '2025-11-05 10:00:22'),
(257, 12, 189, 'order_update', '2025-11-05 10:00:22'),
(258, 12, 190, 'order_update', '2025-11-05 10:00:22'),
(259, 12, 191, 'order_update', '2025-11-05 10:00:22'),
(260, 12, 192, 'order_update', '2025-11-05 10:00:22'),
(261, 12, 193, 'order_update', '2025-11-05 10:00:22'),
(262, 12, 194, 'order_update', '2025-11-05 10:00:22'),
(263, 12, 195, 'order_update', '2025-11-05 10:00:22'),
(264, 12, 196, 'order_update', '2025-11-05 10:00:22'),
(265, 12, 197, 'order_update', '2025-11-05 10:00:22'),
(266, 12, 198, 'order_update', '2025-11-05 10:00:22'),
(267, 12, 199, 'order_update', '2025-11-05 10:00:22'),
(268, 12, 200, 'order_update', '2025-11-05 10:00:22'),
(269, 12, 201, 'order_update', '2025-11-05 10:00:22'),
(270, 12, 202, 'order_update', '2025-11-05 10:00:22'),
(271, 12, 203, 'order_update', '2025-11-05 10:00:22'),
(272, 12, 204, 'order_update', '2025-11-05 10:00:22'),
(273, 12, 205, 'order_update', '2025-11-05 10:00:22'),
(274, 12, 206, 'order_update', '2025-11-05 10:00:22'),
(275, 12, 207, 'order_update', '2025-11-05 10:00:22'),
(276, 12, 208, 'order_update', '2025-11-05 10:00:22'),
(277, 12, 209, 'order_update', '2025-11-05 10:00:22'),
(278, 12, 210, 'order_update', '2025-11-05 10:00:22'),
(279, 12, 211, 'order_update', '2025-11-05 10:00:22'),
(280, 12, 212, 'order_update', '2025-11-05 10:00:22'),
(281, 12, 213, 'order_update', '2025-11-05 10:00:22'),
(282, 12, 214, 'order_update', '2025-11-05 10:00:22'),
(283, 12, 215, 'order_update', '2025-11-05 10:00:22'),
(284, 12, 216, 'order_update', '2025-11-05 10:00:22'),
(285, 12, 217, 'order_update', '2025-11-05 10:00:22'),
(286, 12, 218, 'order_update', '2025-11-05 10:00:22'),
(287, 12, 219, 'order_update', '2025-11-05 10:00:22'),
(288, 12, 220, 'order_update', '2025-11-05 10:00:22'),
(289, 12, 221, 'order_update', '2025-11-05 10:00:22'),
(290, 12, 222, 'order_update', '2025-11-05 10:00:22'),
(291, 12, 223, 'order_update', '2025-11-05 10:00:22'),
(292, 12, 224, 'order_update', '2025-11-05 10:00:22'),
(293, 12, 225, 'order_update', '2025-11-05 10:00:22'),
(295, 12, 227, 'order_update', '2025-11-05 10:00:22'),
(296, 12, 228, 'order_update', '2025-11-05 10:00:22'),
(297, 12, 251, 'order_update', '2025-11-05 10:00:22'),
(298, 12, 252, 'order_update', '2025-11-05 10:00:22'),
(1940, 12, 253, 'order_update', '2025-11-05 10:00:22'),
(4444, 12, 254, 'custom', '2025-11-05 10:00:22'),
(4448, 12, 251, 'custom', '2025-11-08 07:08:36'),
(4472, 12, 227, 'custom', '2025-11-08 07:11:37'),
(4601, 12, 254, 'order_update', '2025-11-05 10:00:22'),
(4730, 12, 259, 'custom', '2025-11-07 05:36:41'),
(4731, 12, 305, 'custom', '2025-11-07 20:44:50'),
(4732, 12, 306, 'custom', '2025-11-07 20:50:07'),
(4733, 12, 265, 'custom', '2025-11-07 20:59:25'),
(4734, 12, 262, 'custom', '2025-11-07 20:59:30'),
(4735, 12, 307, 'custom', '2025-11-08 07:31:50'),
(4736, 12, 308, 'custom', '2025-11-08 07:17:02'),
(4737, 12, 309, 'custom', '2025-11-08 05:30:44'),
(4744, 12, 313, 'custom', '2025-11-09 14:43:49'),
(4745, 12, 312, 'custom', '2025-11-09 14:44:44'),
(4746, 12, 314, 'custom', '2025-11-10 00:36:32');

-- --------------------------------------------------------

--
-- Table structure for table `orders`
--

CREATE TABLE `orders` (
  `id` int(10) UNSIGNED NOT NULL,
  `user_id` int(11) DEFAULT NULL,
  `payment_transaction_id` int(11) DEFAULT NULL,
  `seller_id` int(11) DEFAULT NULL,
  `total_amount` decimal(10,2) NOT NULL,
  `status` enum('pending','processing','shipped','delivered','completed','cancelled') DEFAULT 'pending',
  `delivery_date` datetime DEFAULT NULL,
  `shipping_address` text NOT NULL,
  `payment_method` varchar(50) DEFAULT NULL,
  `payment_status` enum('pending','completed','failed') DEFAULT 'pending',
  `seller_notes` text DEFAULT NULL,
  `created_at` timestamp NOT NULL DEFAULT current_timestamp(),
  `updated_at` timestamp NOT NULL DEFAULT current_timestamp() ON UPDATE current_timestamp(),
  `shipped_at` timestamp NULL DEFAULT NULL,
  `cancelled_at` timestamp NULL DEFAULT NULL,
  `tracking_number` varchar(100) DEFAULT NULL,
  `cancellation_reason` text DEFAULT NULL,
  `refund_status` enum('pending','processing','completed','failed') DEFAULT NULL
) ENGINE=InnoDB DEFAULT CHARSET=utf8mb4 COLLATE=utf8mb4_general_ci;

--
-- Dumping data for table `orders`
--

INSERT INTO `orders` (`id`, `user_id`, `payment_transaction_id`, `seller_id`, `total_amount`, `status`, `delivery_date`, `shipping_address`, `payment_method`, `payment_status`, `seller_notes`, `created_at`, `updated_at`, `shipped_at`, `cancelled_at`, `tracking_number`, `cancellation_reason`, `refund_status`) VALUES
(1, 3, NULL, NULL, 2466.00, 'delivered', '2025-09-03 22:43:24', '1231231231', 'paypal', 'pending', NULL, '2025-08-31 14:43:24', '2025-09-23 15:38:28', NULL, NULL, NULL, NULL, NULL),
(2, 3, NULL, NULL, 1233.00, 'delivered', '2025-09-03 22:47:40', 'asdasdasdasd', 'paypal', 'pending', NULL, '2025-08-31 14:47:40', '2025-09-23 15:38:28', NULL, NULL, NULL, NULL, NULL),
(3, 3, NULL, NULL, 6165.00, 'delivered', '2025-09-05 20:26:12', 'asdasdasdasd', 'debit_card', 'pending', NULL, '2025-09-02 12:26:12', '2025-09-23 15:38:28', NULL, NULL, NULL, NULL, NULL),
(4, 3, NULL, NULL, 9864.00, 'delivered', '2025-09-05 20:29:57', 'asdasdasdasd', 'paypal', 'pending', NULL, '2025-09-02 12:29:57', '2025-09-23 15:38:28', NULL, NULL, NULL, NULL, NULL),
(5, 3, NULL, NULL, 1233.00, 'delivered', '2025-09-05 20:54:20', 'asdasdasdasd', 'debit_card', 'pending', NULL, '2025-09-02 12:54:20', '2025-09-23 15:38:28', NULL, NULL, NULL, NULL, NULL),
(6, 3, NULL, NULL, 1233.00, 'delivered', '2025-09-05 20:56:00', 'asdasdasdasd', 'credit_card', 'pending', NULL, '2025-09-02 12:56:00', '2025-09-23 15:38:28', NULL, NULL, NULL, NULL, NULL),
(7, 3, NULL, NULL, 3699.00, 'processing', NULL, 'asdasdasdasd', 'debit_card', 'pending', NULL, '2025-09-03 13:07:33', '2025-09-23 15:38:28', NULL, NULL, NULL, NULL, NULL),
(8, 3, NULL, NULL, 555.00, 'delivered', '2025-09-06 21:11:16', 'asdasdasdasd', 'debit_card', 'pending', NULL, '2025-09-03 13:11:16', '2025-09-23 15:38:28', NULL, NULL, NULL, NULL, NULL),
(9, 3, NULL, NULL, 1233.00, 'pending', NULL, 'asdasdasdasd', 'credit_card', 'pending', NULL, '2025-09-03 13:55:51', '2025-09-23 15:38:28', NULL, NULL, NULL, NULL, NULL),
(10, 3, NULL, NULL, 3021.00, 'pending', NULL, 'asdasdasdasd', 'credit_card', 'pending', NULL, '2025-09-05 13:08:39', '2025-09-23 15:38:28', NULL, NULL, NULL, NULL, NULL),
(11, 3, NULL, NULL, 1566.00, 'pending', NULL, 'asdasdasdasd', 'credit_card', 'pending', NULL, '2025-09-05 13:08:59', '2025-09-23 15:38:28', NULL, NULL, NULL, NULL, NULL),
(12, 8, NULL, NULL, 20300.00, 'pending', NULL, 'asdfasdasd', 'paypal', 'pending', NULL, '2025-09-11 15:17:46', '2025-09-23 15:38:28', NULL, NULL, NULL, NULL, NULL),
(13, 8, NULL, NULL, 10000.00, 'pending', NULL, 'asdasdasd', 'credit_card', 'pending', NULL, '2025-09-11 16:00:43', '2025-09-23 15:38:28', NULL, NULL, NULL, NULL, NULL),
(14, 8, NULL, NULL, 10700.00, 'pending', NULL, 'asdasdasdasdasd', 'credit_card', 'pending', NULL, '2025-09-12 14:26:28', '2025-09-23 15:38:28', NULL, NULL, NULL, NULL, NULL),
(15, 7, NULL, NULL, 315.00, 'pending', NULL, '2323', 'credit_card', 'pending', NULL, '2025-09-13 07:25:19', '2025-09-23 15:38:28', NULL, NULL, NULL, NULL, NULL),
(16, 8, NULL, NULL, 167.00, 'pending', NULL, 'asdasdasdasdasd', 'debit_card', 'pending', NULL, '2025-09-13 11:40:31', '2025-09-23 15:38:28', NULL, NULL, NULL, NULL, NULL),
(17, 7, NULL, NULL, 11.00, 'processing', NULL, '123123', 'debit_card', 'pending', NULL, '2025-09-13 14:55:43', '2025-09-23 15:38:28', NULL, NULL, NULL, NULL, NULL),
(18, 7, NULL, NULL, 15.00, 'processing', NULL, '123123', 'debit_card', 'pending', NULL, '2025-09-13 15:24:36', '2025-09-23 15:38:28', NULL, NULL, NULL, NULL, NULL),
(19, 7, NULL, NULL, 2000.00, 'cancelled', NULL, '123123', 'credit_card', 'pending', NULL, '2025-09-13 15:27:12', '2025-09-23 15:38:28', NULL, NULL, NULL, NULL, NULL),
(20, 7, NULL, NULL, 11.00, 'pending', NULL, '123123', 'credit_card', 'pending', NULL, '2025-09-13 15:35:11', '2025-09-23 15:38:28', NULL, NULL, NULL, NULL, NULL),
(21, 7, NULL, NULL, 2163.00, 'delivered', '2025-09-16 23:35:33', '123123', 'credit_card', 'pending', NULL, '2025-09-13 15:35:33', '2025-09-23 15:38:28', NULL, NULL, NULL, NULL, NULL),
(22, 7, NULL, NULL, 11.00, 'cancelled', NULL, '123123', 'cash_on_delivery', 'pending', NULL, '2025-09-13 15:40:40', '2025-09-23 15:38:28', NULL, NULL, NULL, NULL, NULL),
(23, 7, NULL, NULL, 11.00, 'processing', NULL, '123123', 'debit_card', 'pending', NULL, '2025-09-13 15:48:53', '2025-09-23 15:38:28', NULL, NULL, NULL, NULL, NULL),
(24, 8, NULL, NULL, 2000.00, 'pending', NULL, 'asdasdasdasdasd', 'cash_on_delivery', 'pending', NULL, '2025-09-13 16:22:27', '2025-09-23 15:38:28', NULL, NULL, NULL, NULL, NULL),
(25, 8, NULL, NULL, 326.00, 'pending', NULL, 'asdasdasdasdasd', 'cash_on_delivery', 'pending', NULL, '2025-09-13 16:23:47', '2025-09-23 15:38:28', NULL, NULL, NULL, NULL, NULL),
(26, 7, NULL, NULL, 300.00, 'pending', NULL, '123123', 'paypal', 'pending', NULL, '2025-09-14 05:05:29', '2025-09-23 15:38:28', NULL, NULL, NULL, NULL, NULL),
(27, 9, NULL, NULL, 2000.00, 'processing', NULL, 'efef123', 'debit_card', 'pending', NULL, '2025-09-16 23:57:32', '2025-09-23 15:38:28', NULL, NULL, NULL, NULL, NULL),
(28, 9, NULL, NULL, 300.00, 'processing', NULL, 'sdasas', 'debit_card', 'pending', NULL, '2025-09-17 16:22:38', '2025-09-23 15:38:28', NULL, NULL, NULL, NULL, NULL),
(29, 9, NULL, NULL, 15.00, 'pending', NULL, 'dd', 'credit_card', 'pending', NULL, '2025-09-18 00:47:15', '2025-09-23 15:38:28', NULL, NULL, NULL, NULL, NULL),
(30, 7, NULL, NULL, 15.00, 'pending', NULL, 'sss', 'credit_card', 'pending', NULL, '2025-09-18 00:54:16', '2025-09-23 15:38:28', NULL, NULL, NULL, NULL, NULL),
(31, 9, NULL, NULL, 15.00, 'pending', NULL, 'ddd', 'credit_card', 'pending', NULL, '2025-09-18 00:54:59', '2025-09-23 15:38:28', NULL, NULL, NULL, NULL, NULL),
(32, 9, NULL, NULL, 11.00, 'processing', NULL, 'ss', 'debit_card', 'pending', NULL, '2025-09-18 01:00:37', '2025-09-23 15:38:28', NULL, NULL, NULL, NULL, NULL),
(33, 9, NULL, NULL, 100.00, 'processing', NULL, 'jjjj', 'credit_card', 'pending', NULL, '2025-09-18 11:15:03', '2025-09-23 15:38:28', NULL, NULL, NULL, NULL, NULL),
(34, 9, NULL, NULL, 100.00, 'delivered', '2025-09-21 19:19:46', 'ss', 'debit_card', 'pending', NULL, '2025-09-18 11:19:46', '2025-09-23 15:38:28', NULL, NULL, NULL, NULL, NULL),
(35, 9, NULL, NULL, 426.00, 'pending', NULL, 'sss', 'debit_card', 'pending', NULL, '2025-09-18 11:25:33', '2025-09-23 15:38:28', NULL, NULL, NULL, NULL, NULL),
(36, 9, NULL, NULL, 630.00, 'pending', NULL, 'lkj', 'debit_card', 'pending', NULL, '2025-09-18 11:55:56', '2025-09-23 15:38:28', NULL, NULL, NULL, NULL, NULL),
(37, 9, NULL, NULL, 15.00, 'pending', NULL, '121', 'debit_card', 'pending', NULL, '2025-09-18 14:48:56', '2025-09-23 15:38:28', NULL, NULL, NULL, NULL, NULL),
(38, 9, NULL, NULL, 11.00, 'processing', NULL, 'ss', 'paypal', 'pending', NULL, '2025-09-18 15:05:47', '2025-10-24 15:30:34', NULL, NULL, NULL, NULL, NULL),
(39, 9, NULL, NULL, 15.00, 'pending', NULL, 'sss', 'credit_card', 'pending', NULL, '2025-09-18 15:34:09', '2025-09-23 15:38:28', NULL, NULL, NULL, NULL, NULL),
(40, 9, NULL, NULL, 100.00, 'delivered', '2025-09-22 00:23:59', 'ss', 'credit_card', 'pending', NULL, '2025-09-18 16:23:59', '2025-09-23 15:38:28', NULL, NULL, NULL, NULL, NULL),
(41, 9, NULL, NULL, 15.00, 'shipped', NULL, 'ss', 'debit_card', 'pending', NULL, '2025-09-18 16:42:39', '2025-09-23 15:38:28', NULL, NULL, NULL, NULL, NULL),
(42, 9, NULL, NULL, 15.00, 'delivered', NULL, 'ss', 'credit_card', 'pending', NULL, '2025-09-18 16:43:57', '2025-09-25 10:19:10', NULL, NULL, NULL, NULL, NULL),
(43, 9, NULL, NULL, 15.00, 'delivered', NULL, 'ss', 'paypal', 'pending', NULL, '2025-09-18 17:00:05', '2025-09-23 15:38:28', NULL, NULL, NULL, NULL, NULL),
(44, 9, NULL, NULL, 15.00, 'delivered', '2025-09-22 09:09:33', 'fsdf', 'cash_on_delivery', 'pending', NULL, '2025-09-19 01:09:33', '2025-09-23 15:38:28', NULL, NULL, NULL, NULL, NULL),
(45, 9, NULL, NULL, 15.00, 'delivered', '2025-09-22 09:36:08', 'ss', 'credit_card', 'pending', NULL, '2025-09-19 01:36:08', '2025-09-23 15:38:28', NULL, NULL, NULL, NULL, NULL),
(46, 7, NULL, NULL, 15.00, 'delivered', '2025-09-22 09:45:00', 'hj', 'credit_card', 'pending', NULL, '2025-09-19 01:45:00', '2025-09-23 15:38:28', NULL, NULL, NULL, NULL, NULL),
(47, 9, NULL, NULL, 2000.00, 'delivered', '2025-09-22 16:42:10', 'ss', 'debit_card', 'pending', NULL, '2025-09-19 08:42:10', '2025-09-23 15:38:28', NULL, NULL, NULL, NULL, NULL),
(48, 9, NULL, NULL, 15.00, 'delivered', '2025-09-22 17:19:23', 'vvv', 'credit_card', 'pending', NULL, '2025-09-19 09:19:23', '2025-09-23 15:38:28', NULL, NULL, NULL, NULL, NULL),
(49, 9, NULL, NULL, 15.00, 'delivered', '2025-09-22 17:34:42', 'gg', 'paypal', 'pending', NULL, '2025-09-19 09:34:42', '2025-09-23 15:38:28', NULL, NULL, NULL, NULL, NULL),
(50, 9, NULL, NULL, 15.00, 'delivered', '2025-09-22 17:57:07', 'ss', 'paypal', 'pending', NULL, '2025-09-19 09:57:07', '2025-09-23 15:38:28', NULL, NULL, NULL, NULL, NULL),
(51, 8, NULL, NULL, 15.00, 'pending', NULL, 'asdasdasdasdasd', 'credit_card', 'pending', NULL, '2025-09-20 10:49:55', '2025-09-23 15:38:28', NULL, NULL, NULL, NULL, NULL),
(52, 8, NULL, NULL, 15.00, 'delivered', '2025-09-23 18:57:07', 'asdasdasdasdasd', 'credit_card', 'pending', NULL, '2025-09-20 10:57:07', '2025-09-23 15:38:28', NULL, NULL, NULL, NULL, NULL),
(53, 9, NULL, NULL, 10000.00, 'cancelled', NULL, 'AddressAddressAddressAddressAddress', 'debit_card', 'pending', NULL, '2025-09-24 12:31:50', '2025-09-25 00:29:50', NULL, NULL, NULL, NULL, NULL),
(54, 9, NULL, NULL, 500000.00, 'delivered', NULL, 'AddressAddressAddressAddressAddress', 'paypal', 'pending', NULL, '2025-09-24 12:37:00', '2025-09-25 00:14:11', NULL, NULL, NULL, NULL, NULL),
(55, 9, NULL, NULL, 10000.00, 'cancelled', NULL, 'AddressAddressAddressAddressAddress', 'debit_card', 'pending', NULL, '2025-09-24 12:49:28', '2025-09-25 00:29:33', NULL, NULL, NULL, NULL, NULL),
(56, 9, NULL, NULL, 10000.00, 'cancelled', NULL, 'AddressAddressAddressAddressAddress', 'paypal', 'pending', NULL, '2025-09-25 00:16:10', '2025-09-25 00:28:56', NULL, NULL, NULL, NULL, NULL),
(57, 9, NULL, NULL, 300.00, 'delivered', NULL, 'AddressAddressAddressAddressAddress', 'credit_card', 'pending', NULL, '2025-09-25 00:42:19', '2025-09-25 00:48:42', NULL, NULL, NULL, NULL, NULL),
(58, 9, NULL, NULL, 2000.00, 'delivered', NULL, 'AddressAddressAddressAddressAddress', 'debit_card', 'pending', NULL, '2025-09-25 10:19:49', '2025-09-25 10:28:21', NULL, NULL, NULL, NULL, NULL),
(59, 9, NULL, NULL, 30622.00, 'delivered', NULL, 'AddressAddressAddressAddressAddress', 'cash_on_delivery', 'pending', NULL, '2025-09-25 10:32:09', '2025-09-25 10:52:49', NULL, NULL, NULL, NULL, NULL),
(60, 9, NULL, NULL, 2000.00, 'cancelled', NULL, 'AddressAddressAddressAddressAddress', 'debit_card', 'pending', NULL, '2025-09-25 10:50:53', '2025-10-02 11:27:41', NULL, NULL, NULL, NULL, NULL),
(61, 9, NULL, NULL, 10000.00, 'shipped', NULL, 'AddressAddressAddressAddressAddress', 'cash_on_delivery', 'pending', NULL, '2025-09-25 10:54:07', '2025-10-24 15:29:49', NULL, NULL, NULL, NULL, NULL),
(62, 9, NULL, NULL, 10000.00, 'delivered', NULL, 'AddressAddressAddressAddressAddress', 'credit_card', 'pending', NULL, '2025-09-25 11:15:16', '2025-09-25 15:34:38', NULL, NULL, NULL, NULL, NULL),
(63, 9, NULL, NULL, 30000.00, 'delivered', NULL, 'AddressAddressAddressAddressAddress', 'credit_card', 'pending', NULL, '2025-09-25 11:23:09', '2025-09-25 15:29:09', NULL, NULL, NULL, NULL, NULL),
(64, 9, NULL, NULL, 15.00, 'delivered', NULL, 'AddressAddressAddressAddressAddress', 'credit_card', 'pending', NULL, '2025-09-25 11:37:02', '2025-09-25 15:28:50', NULL, NULL, NULL, NULL, NULL),
(65, 9, NULL, NULL, 300.00, 'cancelled', NULL, 'AddressAddressAddressAddressAddress', 'paypal', 'pending', NULL, '2025-09-25 15:30:11', '2025-10-02 11:27:37', NULL, NULL, NULL, NULL, NULL),
(66, 9, NULL, NULL, 300.00, 'cancelled', NULL, 'AddressAddressAddressAddressAddress', 'debit_card', 'pending', NULL, '2025-09-25 15:30:32', '2025-10-02 11:27:33', NULL, NULL, NULL, NULL, NULL),
(67, 9, NULL, NULL, 300.00, 'cancelled', NULL, 'AddressAddressAddressAddressAddress', 'credit_card', 'pending', NULL, '2025-09-25 15:32:37', '2025-10-02 11:27:30', NULL, NULL, NULL, NULL, NULL),
(68, 9, NULL, NULL, 10000.00, 'cancelled', NULL, 'AddressAddressAddressAddressAddress', 'credit_card', 'pending', NULL, '2025-09-25 15:33:03', '2025-10-02 11:27:23', NULL, NULL, NULL, NULL, NULL),
(69, 9, NULL, NULL, 15.00, 'cancelled', NULL, 'AddressAddressAddressAddressAddress', 'credit_card', 'pending', NULL, '2025-09-25 15:33:28', '2025-10-02 11:27:26', NULL, NULL, NULL, NULL, NULL),
(70, 9, NULL, NULL, 10000.00, 'cancelled', NULL, 'AddressAddressAddressAddressAddress', 'credit_card', 'pending', NULL, '2025-09-26 14:27:08', '2025-10-02 11:27:20', NULL, NULL, NULL, NULL, NULL),
(71, 9, NULL, NULL, 10000.00, 'cancelled', NULL, 'AddressAddressAddressAddressAddress', 'cash_on_delivery', 'pending', NULL, '2025-09-26 14:28:09', '2025-10-02 11:27:18', NULL, NULL, NULL, NULL, NULL),
(72, 9, NULL, NULL, 10000.00, 'cancelled', NULL, 'AddressAddressAddressAddressAddress', 'credit_card', 'pending', NULL, '2025-09-26 14:39:00', '2025-10-02 11:27:14', NULL, NULL, NULL, NULL, NULL),
(73, 9, NULL, NULL, 10000.00, 'delivered', NULL, 'AddressAddressAddressAddressAddress', 'cash_on_delivery', 'pending', NULL, '2025-09-26 14:39:38', '2025-09-26 15:09:51', NULL, NULL, NULL, NULL, NULL),
(74, 9, NULL, NULL, 10000.00, 'delivered', NULL, 'AddressAddressAddressAddressAddress', 'cash_on_delivery', 'pending', NULL, '2025-09-26 14:47:46', '2025-09-26 15:08:04', NULL, NULL, NULL, NULL, NULL),
(75, 9, NULL, NULL, 10000.00, 'delivered', NULL, 'AddressAddressAddressAddressAddress', 'paypal', 'pending', NULL, '2025-09-26 14:51:24', '2025-09-26 15:07:33', NULL, NULL, NULL, NULL, NULL),
(76, 9, NULL, NULL, 10000.00, 'delivered', NULL, 'AddressAddressAddressAddressAddress', 'cash_on_delivery', 'pending', NULL, '2025-09-26 15:52:34', '2025-09-26 15:58:29', NULL, NULL, NULL, NULL, NULL),
(77, 9, NULL, NULL, 10000.00, 'cancelled', NULL, 'AddressAddressAddressAddressAddress', 'cash_on_delivery', 'pending', NULL, '2025-09-26 16:12:14', '2025-10-02 11:27:10', NULL, NULL, NULL, NULL, NULL),
(78, 7, NULL, NULL, 10000.00, 'cancelled', NULL, 'ss', 'cash_on_delivery', 'pending', NULL, '2025-09-26 16:26:03', '2025-10-02 11:27:07', NULL, NULL, NULL, NULL, NULL),
(79, 7, NULL, NULL, 10000.00, 'cancelled', NULL, 'dd', 'cash_on_delivery', 'pending', NULL, '2025-09-26 16:32:58', '2025-10-02 11:27:04', NULL, NULL, NULL, NULL, NULL),
(80, NULL, NULL, NULL, 2000.00, 'pending', NULL, 'AddressAddressAddressAddressAddress', 'debit_card', 'pending', NULL, '2025-09-28 05:03:27', '2025-09-28 05:03:27', NULL, NULL, NULL, NULL, NULL),
(81, 9, NULL, NULL, 2000.00, 'cancelled', NULL, 'AddressAddressAddressAddressAddress', 'credit_card', 'pending', NULL, '2025-09-28 06:10:56', '2025-10-02 11:27:00', NULL, NULL, NULL, NULL, NULL),
(82, 9, NULL, NULL, 2000.00, 'cancelled', NULL, 'AddressAddressAddressAddressAddress', 'debit_card', 'pending', NULL, '2025-09-28 06:11:17', '2025-09-28 07:54:09', NULL, NULL, NULL, NULL, NULL),
(83, 9, NULL, NULL, 2000.00, 'cancelled', NULL, 'AddressAddressAddressAddressAddress', 'paypal', 'pending', NULL, '2025-09-28 06:11:29', '2025-09-29 16:00:05', NULL, NULL, NULL, NULL, NULL),
(84, 9, NULL, NULL, 2000.00, 'cancelled', NULL, 'AddressAddressAddressAddressAddress', 'cash_on_delivery', 'pending', NULL, '2025-09-28 06:11:40', '2025-09-29 15:59:37', NULL, NULL, NULL, NULL, NULL),
(85, 9, NULL, NULL, 2000.00, 'cancelled', NULL, 'AddressAddressAddressAddressAddress', 'gcash', 'pending', NULL, '2025-09-28 06:20:35', '2025-09-29 15:57:40', NULL, NULL, NULL, NULL, NULL),
(86, 9, NULL, NULL, 500.00, 'cancelled', NULL, 'AddressAddressAddressAddressAddress', 'credit_card', 'pending', NULL, '2025-09-28 07:42:33', '2025-10-02 11:26:57', NULL, NULL, NULL, NULL, NULL),
(87, 9, NULL, NULL, 500.00, 'cancelled', NULL, 'AddressAddressAddressAddressAddress', 'cash_on_delivery', 'pending', NULL, '2025-09-28 07:45:39', '2025-10-02 11:26:54', NULL, NULL, NULL, NULL, NULL),
(88, 9, NULL, NULL, 2000.00, 'delivered', NULL, 'AddressAddressAddressAddressAddress', 'cash_on_delivery', 'pending', NULL, '2025-09-28 07:57:24', '2025-09-28 08:03:54', NULL, NULL, NULL, NULL, NULL),
(89, 9, NULL, NULL, 300.00, 'delivered', NULL, 'AddressAddressAddressAddressAddress', 'cash_on_delivery', 'pending', NULL, '2025-09-28 08:06:09', '2025-09-28 08:27:43', NULL, NULL, NULL, NULL, NULL),
(90, 9, NULL, NULL, 10000.00, 'delivered', NULL, 'AddressAddressAddressAddressAddress', 'gcash', 'pending', NULL, '2025-09-28 14:50:00', '2025-09-28 14:51:22', NULL, NULL, NULL, NULL, NULL),
(91, 9, NULL, NULL, 10000.00, 'cancelled', NULL, 'AddressAddressAddressAddressAddress', 'gcash', 'pending', NULL, '2025-09-28 15:22:33', '2025-09-29 15:47:34', NULL, NULL, NULL, NULL, NULL),
(92, 9, NULL, NULL, 500.00, 'delivered', NULL, 'AddressAddressAddressAddressAddress', 'debit_card', 'pending', NULL, '2025-09-28 15:30:08', '2025-10-02 11:26:50', NULL, NULL, NULL, NULL, NULL),
(93, 9, NULL, NULL, 10000.00, 'delivered', NULL, 'AddressAddressAddressAddressAddress', 'paypal', 'pending', NULL, '2025-09-28 15:32:10', '2025-10-02 11:26:47', NULL, NULL, NULL, NULL, NULL),
(94, 9, NULL, NULL, 12611.00, 'delivered', NULL, 'AddressAddressAddressAddressAddress', 'debit_card', 'pending', NULL, '2025-09-28 15:34:34', '2025-10-02 11:26:42', NULL, NULL, NULL, NULL, NULL),
(95, 9, NULL, NULL, 360.00, 'delivered', NULL, 'AddressAddressAddressAddressAddress', 'gcash', 'pending', NULL, '2025-09-29 08:37:43', '2025-09-30 11:46:38', NULL, NULL, NULL, NULL, NULL),
(96, 9, NULL, NULL, 11.00, 'cancelled', NULL, 'AddressAddressAddressAddressAddress', 'paypal', 'pending', NULL, '2025-10-01 12:51:56', '2025-10-01 14:48:29', NULL, NULL, NULL, NULL, NULL),
(97, 9, NULL, NULL, 2137.00, 'cancelled', NULL, 'AddressAddressAddressAddressAddress', 'debit_card', 'pending', NULL, '2025-10-01 13:50:24', '2025-10-01 14:24:45', NULL, '2025-10-01 14:24:45', NULL, 'wla lang', NULL),
(98, 9, NULL, NULL, 11.00, 'cancelled', NULL, 'AddressAddressAddressAddressAddress', 'cash_on_delivery', 'pending', NULL, '2025-10-01 13:54:56', '2025-10-01 14:20:09', NULL, '2025-10-01 14:20:09', NULL, 'trip lng nako', NULL),
(99, 9, NULL, NULL, 190.00, 'delivered', NULL, 'AddressAddressAddressAddressAddress', 'credit_card', 'pending', NULL, '2025-10-03 14:17:36', '2025-10-11 08:37:56', NULL, NULL, NULL, NULL, NULL),
(100, 9, NULL, NULL, 9046.79, 'cancelled', NULL, 'AddressAddressAddressAddressAddress', 'credit_card', 'pending', NULL, '2025-10-04 04:40:47', '2025-10-04 04:45:32', NULL, NULL, NULL, NULL, NULL),
(101, 9, NULL, NULL, 9336.79, 'delivered', NULL, 'AddressAddressAddressAddressAddress', 'credit_card', 'pending', NULL, '2025-10-04 04:42:37', '2025-10-04 04:44:44', NULL, NULL, NULL, NULL, NULL),
(102, 9, NULL, NULL, 760.80, 'pending', NULL, 'AddressAddressAddressAddressAddress', 'cash_on_delivery', 'pending', NULL, '2025-10-04 04:47:14', '2025-10-04 04:47:14', NULL, NULL, NULL, NULL, NULL),
(103, 9, NULL, NULL, 301007.60, 'pending', NULL, 'AddressAddressAddressAddressAddress', 'debit_card', 'pending', NULL, '2025-10-04 04:52:19', '2025-10-04 04:52:19', NULL, NULL, NULL, NULL, NULL),
(109, 12, 7, 7, 2220.00, 'pending', NULL, '123 Whatever Dr', 'gcash', 'pending', NULL, '2025-10-05 14:57:31', '2025-10-05 14:57:31', NULL, NULL, NULL, NULL, NULL),
(110, 12, 7, 11, 52021.50, 'pending', NULL, '123 Whatever Dr', 'gcash', 'pending', NULL, '2025-10-05 14:57:31', '2025-10-05 14:57:31', NULL, NULL, NULL, NULL, NULL),
(111, 12, 8, 7, 500.00, 'pending', NULL, '123 Whatever Dr', 'paymongo', 'pending', NULL, '2025-10-05 14:58:13', '2025-10-05 14:58:13', NULL, NULL, NULL, NULL, NULL),
(112, 12, 8, 11, 15027.80, 'pending', NULL, '123 Whatever Dr', 'paymongo', 'pending', NULL, '2025-10-05 14:58:13', '2025-10-05 14:58:13', NULL, NULL, NULL, NULL, NULL),
(113, 12, 9, 7, 100.00, 'cancelled', NULL, '123 Whatever Dr', 'paymongo', 'pending', NULL, '2025-10-05 15:01:37', '2025-10-11 08:44:58', NULL, NULL, NULL, NULL, NULL),
(114, 12, 9, 11, 16133.10, 'pending', NULL, '123 Whatever Dr', 'paymongo', 'pending', NULL, '2025-10-05 15:01:37', '2025-10-05 15:01:37', NULL, NULL, NULL, NULL, NULL),
(115, 12, 10, 7, 100.00, 'pending', NULL, '123 Whatever Dr', 'paymongo', 'pending', NULL, '2025-10-05 15:04:14', '2025-10-05 15:04:14', NULL, NULL, NULL, NULL, NULL),
(116, 12, 10, 11, 12830.52, 'pending', NULL, '123 Whatever Dr', 'paymongo', 'pending', NULL, '2025-10-05 15:04:14', '2025-10-05 15:04:14', NULL, NULL, NULL, NULL, NULL),
(117, 12, 11, 7, 100.00, 'pending', NULL, '123 Whatever Dr', 'gcash', 'pending', NULL, '2025-10-05 15:38:16', '2025-10-05 15:38:16', NULL, NULL, NULL, NULL, NULL),
(118, 12, 11, 11, 2934.35, 'pending', NULL, '123 Whatever Dr', 'gcash', 'pending', NULL, '2025-10-05 15:38:16', '2025-10-05 15:38:16', NULL, NULL, NULL, NULL, NULL),
(119, 12, 12, 7, 100.00, 'pending', NULL, '123 Whatever Dr', 'paymongo', 'pending', NULL, '2025-10-05 15:41:34', '2025-10-05 15:41:34', NULL, NULL, NULL, NULL, NULL),
(120, 12, 12, 11, 2934.35, 'pending', NULL, '123 Whatever Dr', 'paymongo', 'pending', NULL, '2025-10-05 15:41:34', '2025-10-05 15:41:34', NULL, NULL, NULL, NULL, NULL),
(121, 12, 13, 7, 100.00, 'pending', NULL, '123 Whatever Dr', 'paymongo', 'pending', NULL, '2025-10-05 15:41:42', '2025-10-05 15:41:42', NULL, NULL, NULL, NULL, NULL),
(122, 12, 13, 11, 2934.35, 'pending', NULL, '123 Whatever Dr', 'paymongo', 'pending', NULL, '2025-10-05 15:41:42', '2025-10-05 15:41:42', NULL, NULL, NULL, NULL, NULL),
(123, 12, 14, 7, 100.00, 'pending', NULL, '123 Whatever Dr', 'gcash', 'pending', NULL, '2025-10-05 15:41:54', '2025-10-05 15:41:54', NULL, NULL, NULL, NULL, NULL),
(124, 12, 14, 11, 2934.35, 'pending', NULL, '123 Whatever Dr', 'gcash', 'pending', NULL, '2025-10-05 15:41:54', '2025-10-05 15:41:54', NULL, NULL, NULL, NULL, NULL),
(125, 12, 15, 7, 100.00, 'pending', NULL, '123 Whatever Dr', 'gcash', 'pending', NULL, '2025-10-05 15:42:03', '2025-10-05 15:42:03', NULL, NULL, NULL, NULL, NULL),
(126, 12, 15, 11, 2934.35, 'pending', NULL, '123 Whatever Dr', 'gcash', 'pending', NULL, '2025-10-05 15:42:03', '2025-10-05 15:42:03', NULL, NULL, NULL, NULL, NULL),
(127, 12, 16, 7, 100.00, 'processing', NULL, '123 Whatever Dr', 'gcash', 'pending', NULL, '2025-10-05 15:50:47', '2025-11-01 06:56:42', NULL, NULL, NULL, NULL, NULL),
(128, 12, 16, 11, 2934.35, 'pending', NULL, '123 Whatever Dr', 'gcash', 'pending', NULL, '2025-10-05 15:50:47', '2025-10-05 15:50:47', NULL, NULL, NULL, NULL, NULL),
(129, 12, 17, 7, 100.00, 'processing', NULL, '123 Whatever Dr', 'gcash', 'pending', NULL, '2025-10-05 15:50:50', '2025-10-11 08:42:05', NULL, NULL, NULL, NULL, NULL),
(130, 12, 17, 11, 2934.35, 'pending', NULL, '123 Whatever Dr', 'gcash', 'pending', NULL, '2025-10-05 15:50:50', '2025-10-05 15:50:50', NULL, NULL, NULL, NULL, NULL),
(131, 12, 18, 7, 100.00, 'cancelled', NULL, '123 Whatever Dr', 'gcash', 'pending', NULL, '2025-10-05 15:50:56', '2025-10-07 08:20:45', NULL, '2025-10-07 08:20:45', NULL, 'brokie no money huhu', NULL),
(132, 12, 18, 11, 2934.35, 'pending', NULL, '123 Whatever Dr', 'gcash', 'pending', NULL, '2025-10-05 15:50:56', '2025-10-05 15:50:56', NULL, NULL, NULL, NULL, NULL),
(133, 12, 19, 7, 100.00, 'shipped', NULL, '123 Whatever Dr', 'gcash', 'pending', NULL, '2025-10-05 17:13:39', '2025-11-01 06:57:33', NULL, NULL, NULL, NULL, NULL),
(134, 12, 19, 11, 2934.35, 'pending', NULL, '123 Whatever Dr', 'gcash', 'pending', NULL, '2025-10-05 17:13:39', '2025-10-05 17:13:39', NULL, NULL, NULL, NULL, NULL),
(135, 12, 20, 7, 100.00, 'cancelled', NULL, '123 Whatever Dr', 'paymaya', 'pending', NULL, '2025-10-05 17:14:27', '2025-10-08 06:48:42', NULL, '2025-10-08 06:48:42', NULL, 'scammer', NULL),
(136, 12, 20, 11, 2934.35, 'pending', NULL, '123 Whatever Dr', 'paymaya', 'pending', NULL, '2025-10-05 17:14:27', '2025-10-05 17:14:27', NULL, NULL, NULL, NULL, NULL),
(137, 12, 21, 11, 760.80, 'pending', NULL, 'Bacanaya Village, Philippines 8000', 'paymongo', 'pending', NULL, '2025-10-08 07:35:52', '2025-10-08 07:35:52', NULL, NULL, NULL, NULL, NULL),
(138, 12, 22, 11, 760.80, 'pending', NULL, 'Bacanaya Village, Philippines 8000', 'gcash', 'pending', NULL, '2025-10-08 07:37:44', '2025-10-08 07:37:44', NULL, NULL, NULL, NULL, NULL),
(139, 12, 23, 11, 760.80, 'pending', NULL, 'Bacanaya Village, Philippines 8000', 'paymongo', 'pending', NULL, '2025-10-08 07:38:55', '2025-10-08 07:38:55', NULL, NULL, NULL, NULL, NULL),
(140, 12, 24, 11, 760.80, 'pending', NULL, 'Bacanaya Village, Philippines 8000', 'paymongo', 'pending', NULL, '2025-10-08 07:40:54', '2025-10-08 07:40:54', NULL, NULL, NULL, NULL, NULL),
(141, 12, 25, 11, 760.80, 'pending', NULL, 'Bacanaya Village, Philippines 8000', 'gcash', 'pending', NULL, '2025-10-08 07:41:14', '2025-10-08 07:41:14', NULL, NULL, NULL, NULL, NULL),
(142, 12, 26, 11, 760.80, 'pending', NULL, 'Bacanaya Village, Philippines 8000', 'paymongo', 'pending', NULL, '2025-10-08 07:41:40', '2025-10-08 07:41:40', NULL, NULL, NULL, NULL, NULL),
(143, 12, 27, 11, 760.80, 'pending', NULL, 'Bacanaya Village, Philippines 8000', 'paymaya', 'pending', NULL, '2025-10-08 07:41:49', '2025-10-08 07:41:49', NULL, NULL, NULL, NULL, NULL),
(144, 12, 28, 11, 760.80, 'pending', NULL, 'Bacanaya Village, Philippines 8000', 'gcash', 'pending', NULL, '2025-10-08 07:43:34', '2025-10-08 07:43:34', NULL, NULL, NULL, NULL, NULL),
(145, 12, 29, 11, 2934.35, 'pending', NULL, 'Bacanaya Village, Philippines 8000', 'paymongo', 'pending', NULL, '2025-10-08 09:14:43', '2025-10-08 09:14:43', NULL, NULL, NULL, NULL, NULL),
(146, 12, 30, 11, 3083.73, 'pending', NULL, 'Bacanaya Village, Philippines 8000', 'paymongo', 'pending', NULL, '2025-10-11 10:05:05', '2025-10-11 10:05:05', NULL, NULL, NULL, NULL, NULL),
(147, 12, 31, 11, 760.80, 'pending', NULL, 'Bacanaya Village, Philippines 8000', 'gcash', 'pending', NULL, '2025-10-12 18:10:03', '2025-10-12 18:10:03', NULL, NULL, NULL, NULL, NULL),
(148, 12, 32, 11, 760.80, 'pending', NULL, 'Bacanaya Village, Philippines 8000', 'gcash', 'pending', NULL, '2025-10-12 18:11:19', '2025-10-12 18:11:19', NULL, NULL, NULL, NULL, NULL),
(149, 12, 33, 11, 760.80, 'pending', NULL, 'Bacanaya Village, Philippines 8000', 'gcash', 'pending', NULL, '2025-10-12 18:11:47', '2025-10-12 18:11:47', NULL, NULL, NULL, NULL, NULL),
(150, 12, 34, 11, 760.80, 'pending', NULL, 'Bacanaya Village, Philippines 8000', 'gcash', 'pending', NULL, '2025-10-12 18:26:44', '2025-10-12 18:26:44', NULL, NULL, NULL, NULL, NULL),
(151, 12, 35, 11, 760.80, 'pending', NULL, 'Bacanaya Village, Philippines 8000', 'gcash', 'pending', NULL, '2025-10-12 18:33:47', '2025-10-12 18:33:47', NULL, NULL, NULL, NULL, NULL),
(152, 12, 36, 11, 760.80, 'pending', NULL, 'Bacanaya Village, Philippines 8000', 'paymongo', 'pending', NULL, '2025-10-12 18:35:33', '2025-10-12 18:35:33', NULL, NULL, NULL, NULL, NULL),
(153, 12, 37, 11, 760.80, 'pending', NULL, 'Bacanaya Village, Philippines 8000', 'gcash', 'pending', NULL, '2025-10-12 18:35:44', '2025-10-12 18:35:44', NULL, NULL, NULL, NULL, NULL),
(154, 12, 38, 11, 760.80, 'pending', NULL, 'Bacanaya Village, Philippines 8000', 'gcash', 'pending', NULL, '2025-10-12 18:37:11', '2025-10-12 18:37:11', NULL, NULL, NULL, NULL, NULL),
(155, 12, 39, 11, 760.80, 'pending', NULL, 'Bacanaya Village, Philippines 8000', 'gcash', 'pending', NULL, '2025-10-12 18:45:42', '2025-10-12 18:45:42', NULL, NULL, NULL, NULL, NULL),
(158, 12, 40, 11, 760.80, 'pending', NULL, 'Bacanaya Village, Philippines 8000', 'gcash', 'pending', NULL, '2025-10-12 18:57:00', '2025-10-12 18:57:00', NULL, NULL, NULL, NULL, NULL),
(159, 12, 41, 11, 760.80, 'pending', NULL, 'Bacanaya Village, Philippines 8000', 'gcash', 'pending', NULL, '2025-10-12 19:03:35', '2025-10-12 19:03:35', NULL, NULL, NULL, NULL, NULL),
(160, 12, 42, 11, 760.80, 'pending', NULL, 'Bacanaya Village, Philippines 8000', 'gcash', 'pending', NULL, '2025-10-12 19:07:14', '2025-10-12 19:07:14', NULL, NULL, NULL, NULL, NULL),
(161, 12, 43, 11, 760.80, 'pending', NULL, 'Bacanaya Village, Philippines 8000', 'gcash', 'pending', NULL, '2025-10-12 19:09:54', '2025-10-12 19:09:54', NULL, NULL, NULL, NULL, NULL),
(162, 12, 44, 11, 760.80, 'pending', NULL, 'Bacanaya Village, Philippines 8000', 'gcash', 'pending', NULL, '2025-10-12 19:13:02', '2025-10-12 19:13:02', NULL, NULL, NULL, NULL, NULL),
(163, 12, 45, 11, 760.80, 'pending', NULL, 'Bacanaya Village, Philippines 8000', 'gcash', 'pending', NULL, '2025-10-12 19:14:54', '2025-10-12 19:14:54', NULL, NULL, NULL, NULL, NULL),
(164, 12, 46, 11, 611.42, 'pending', NULL, 'Bacanaya Village, Philippines 8000', 'gcash', 'pending', NULL, '2025-10-12 19:16:43', '2025-10-12 19:16:43', NULL, NULL, NULL, NULL, NULL),
(165, 12, 47, 11, 611.42, 'pending', NULL, 'Bacanaya Village, Philippines 8000', 'gcash', 'pending', NULL, '2025-10-12 19:18:16', '2025-10-12 19:18:16', NULL, NULL, NULL, NULL, NULL),
(166, 12, 48, 11, 611.42, 'pending', NULL, 'Bacanaya Village, Philippines 8000', 'gcash', 'pending', NULL, '2025-10-12 19:21:04', '2025-10-12 19:21:04', NULL, NULL, NULL, NULL, NULL),
(167, 12, 49, 11, 611.42, 'pending', NULL, 'Bacanaya Village, Philippines 8000', 'gcash', 'pending', NULL, '2025-10-12 19:24:42', '2025-10-12 19:24:42', NULL, NULL, NULL, NULL, NULL),
(168, 12, 50, 11, 611.42, 'pending', NULL, 'Bacanaya Village, Philippines 8000', 'gcash', 'pending', NULL, '2025-10-12 19:33:12', '2025-10-12 19:33:12', NULL, NULL, NULL, NULL, NULL),
(169, 12, 51, 11, 611.42, 'pending', NULL, 'Bacanaya Village, Philippines 8000', 'gcash', 'pending', NULL, '2025-10-12 19:33:53', '2025-10-12 19:33:53', NULL, NULL, NULL, NULL, NULL),
(170, 12, 52, 11, 611.42, 'pending', NULL, 'Bacanaya Village, Philippines 8000', 'gcash', 'pending', NULL, '2025-10-12 19:36:44', '2025-10-12 19:36:44', NULL, NULL, NULL, NULL, NULL),
(171, 12, 53, 11, 611.42, 'pending', NULL, 'Bacanaya Village, Philippines 8000', 'gcash', 'pending', NULL, '2025-10-12 19:40:56', '2025-10-12 19:40:56', NULL, NULL, NULL, NULL, NULL),
(172, 12, 54, 11, 611.42, 'pending', NULL, 'Bacanaya Village, Philippines 8000', 'gcash', 'pending', NULL, '2025-10-12 19:41:51', '2025-10-12 19:41:51', NULL, NULL, NULL, NULL, NULL),
(173, 12, 55, 11, 611.42, 'pending', NULL, 'Bacanaya Village, Philippines 8000', 'gcash', 'pending', NULL, '2025-10-12 19:46:40', '2025-10-12 19:46:40', NULL, NULL, NULL, NULL, NULL),
(174, 12, 56, 11, 611.42, 'pending', NULL, 'Bacanaya Village, Philippines 8000', 'gcash', 'pending', NULL, '2025-10-12 19:53:33', '2025-10-12 19:53:33', NULL, NULL, NULL, NULL, NULL),
(175, 12, 57, 11, 611.42, 'pending', NULL, 'Bacanaya Village, Philippines 8000', 'gcash', 'pending', NULL, '2025-10-12 19:56:49', '2025-10-12 19:56:49', NULL, NULL, NULL, NULL, NULL),
(176, 12, 58, 11, 611.42, 'pending', NULL, 'Bacanaya Village, Philippines 8000', 'gcash', 'pending', NULL, '2025-10-12 19:57:19', '2025-10-12 19:57:19', NULL, NULL, NULL, NULL, NULL),
(177, 12, 59, 11, 611.42, 'pending', NULL, 'Bacanaya Village, Philippines 8000', 'gcash', 'pending', NULL, '2025-10-12 20:02:20', '2025-10-12 20:02:20', NULL, NULL, NULL, NULL, NULL),
(178, 12, 60, 11, 611.42, 'pending', NULL, 'Bacanaya Village, Philippines 8000', 'gcash', 'pending', NULL, '2025-10-12 20:03:34', '2025-10-12 20:03:34', NULL, NULL, NULL, NULL, NULL),
(179, 12, 61, 11, 611.42, 'pending', NULL, 'Bacanaya Village, Philippines 8000', 'gcash', 'pending', NULL, '2025-10-12 20:10:06', '2025-10-12 20:10:06', NULL, NULL, NULL, NULL, NULL),
(180, 12, 62, 11, 611.42, 'pending', NULL, 'Bacanaya Village, Philippines 8000', 'gcash', 'pending', NULL, '2025-10-12 20:15:50', '2025-10-12 20:15:50', NULL, NULL, NULL, NULL, NULL),
(181, 12, 63, 11, 611.42, 'pending', NULL, 'Bacanaya Village, Philippines 8000', 'gcash', 'pending', NULL, '2025-10-12 20:19:21', '2025-10-12 20:19:21', NULL, NULL, NULL, NULL, NULL),
(182, 12, 64, 11, 611.42, 'pending', NULL, 'Bacanaya Village, Philippines 8000', 'gcash', 'pending', NULL, '2025-10-12 20:22:39', '2025-10-12 20:22:39', NULL, NULL, NULL, NULL, NULL),
(183, 12, 65, 11, 611.42, 'pending', NULL, 'Bacanaya Village, Philippines 8000', 'paymongo', 'pending', NULL, '2025-10-12 20:28:10', '2025-10-12 20:28:10', NULL, NULL, NULL, NULL, NULL),
(184, 12, 66, 11, 611.42, 'pending', NULL, 'Bacanaya Village, Philippines 8000', 'gcash', 'pending', NULL, '2025-10-12 20:33:26', '2025-10-12 20:33:26', NULL, NULL, NULL, NULL, NULL),
(185, 12, 67, 11, 611.42, 'pending', NULL, 'Bacanaya Village, Philippines 8000', 'paymongo', 'pending', NULL, '2025-10-12 20:33:33', '2025-10-12 20:33:33', NULL, NULL, NULL, NULL, NULL),
(186, 12, 68, 11, 611.42, 'pending', NULL, 'Bacanaya Village, Philippines 8000', 'gcash', 'pending', NULL, '2025-10-12 20:33:42', '2025-10-12 20:33:42', NULL, NULL, NULL, NULL, NULL),
(187, 12, 69, 11, 611.42, 'pending', NULL, 'Bacanaya Village, Philippines 8000', 'paymongo', 'pending', NULL, '2025-10-12 20:40:53', '2025-10-12 20:40:53', NULL, NULL, NULL, NULL, NULL),
(188, 12, 70, 11, 611.42, 'pending', NULL, 'Bacanaya Village, Philippines 8000', 'paymongo', 'pending', NULL, '2025-10-12 20:40:59', '2025-10-12 20:40:59', NULL, NULL, NULL, NULL, NULL),
(189, 12, 71, 11, 611.42, 'pending', NULL, 'Bacanaya Village, Philippines 8000', 'paymongo', 'pending', NULL, '2025-10-12 20:41:26', '2025-10-12 20:41:26', NULL, NULL, NULL, NULL, NULL),
(190, 12, 72, 11, 611.42, 'pending', NULL, 'Bacanaya Village, Philippines 8000', 'paymongo', 'pending', NULL, '2025-10-12 20:42:50', '2025-10-12 20:42:50', NULL, NULL, NULL, NULL, NULL),
(191, 12, 73, 11, 1562.13, 'pending', NULL, 'Bacanaya Village, Philippines 8000', 'paymongo', 'pending', NULL, '2025-10-12 20:43:53', '2025-10-12 20:43:53', NULL, NULL, NULL, NULL, NULL),
(192, 12, 74, 11, 1562.13, 'pending', NULL, 'Bacanaya Village, Philippines 8000', 'gcash', 'pending', NULL, '2025-10-13 01:52:30', '2025-10-13 01:52:30', NULL, NULL, NULL, NULL, NULL),
(193, 12, 75, 11, 1562.13, 'pending', NULL, 'Bacanaya Village, Philippines 8000', 'gcash', 'pending', NULL, '2025-10-13 01:55:18', '2025-10-13 01:55:18', NULL, NULL, NULL, NULL, NULL),
(194, 12, 76, 11, 1562.13, 'pending', NULL, 'Bacanaya Village, Philippines 8000', 'gcash', 'pending', NULL, '2025-10-13 01:55:20', '2025-10-13 01:55:20', NULL, NULL, NULL, NULL, NULL),
(195, 12, 77, 11, 1562.13, 'pending', NULL, 'Bacanaya Village, Philippines 8000', 'gcash', 'pending', NULL, '2025-10-13 01:55:27', '2025-10-13 01:55:27', NULL, NULL, NULL, NULL, NULL),
(196, 12, 78, 11, 1562.13, 'pending', NULL, 'Bacanaya Village, Philippines 8000', 'gcash', 'pending', NULL, '2025-10-13 01:56:15', '2025-10-13 01:56:15', NULL, NULL, NULL, NULL, NULL),
(197, 12, 79, 11, 1562.13, 'pending', NULL, 'Bacanaya Village, Philippines 8000', 'billease', 'pending', NULL, '2025-10-13 02:22:23', '2025-10-13 02:22:23', NULL, NULL, NULL, NULL, NULL),
(198, 12, 80, 11, 2934.35, 'pending', NULL, 'Bacanaya Village, Philippines 8000', 'cod', 'pending', NULL, '2025-10-13 02:25:56', '2025-10-13 02:25:56', NULL, NULL, NULL, NULL, NULL),
(199, 12, 81, 11, 2934.35, 'pending', NULL, 'Bacanaya Village, Philippines 8000', 'gcash', 'pending', NULL, '2025-10-13 02:26:39', '2025-10-13 02:26:39', NULL, NULL, NULL, NULL, NULL),
(200, 12, 82, 11, 2934.35, 'pending', NULL, 'Bacanaya Village, Philippines 8000', 'paymaya', 'pending', NULL, '2025-10-13 02:28:50', '2025-10-13 02:28:50', NULL, NULL, NULL, NULL, NULL),
(201, 12, 83, 11, 2934.35, 'processing', NULL, 'Bacanaya Village, Philippines 8000', 'cod', 'pending', NULL, '2025-10-13 02:34:12', '2025-11-06 08:58:27', NULL, NULL, NULL, NULL, NULL),
(202, 12, 84, 11, 2934.35, 'cancelled', NULL, 'Bacanaya Village, Philippines 8000', 'cod', 'pending', NULL, '2025-10-13 02:37:24', '2025-11-06 08:58:21', NULL, NULL, NULL, NULL, NULL),
(203, 12, 85, 11, 2934.35, 'completed', '2025-11-09 15:39:53', 'Bacanaya Village, Philippines 8000', 'cod', 'pending', NULL, '2025-10-13 02:48:56', '2025-11-09 14:39:53', NULL, NULL, NULL, NULL, NULL),
(204, 12, 86, 7, 190.00, 'pending', NULL, 'Bacanaya Village, Philippines 8000', 'cod', 'pending', NULL, '2025-10-13 02:58:51', '2025-10-13 02:58:51', NULL, NULL, NULL, NULL, NULL),
(205, 12, 87, 7, 190.00, 'pending', NULL, 'Bacanaya Village, Philippines 8000', 'cod', 'pending', NULL, '2025-10-13 03:00:07', '2025-10-13 03:00:07', NULL, NULL, NULL, NULL, NULL),
(206, 12, 88, 7, 190.00, 'processing', NULL, 'Bacanaya Village, Philippines 8000', 'gcash', 'pending', NULL, '2025-10-13 03:00:31', '2025-10-24 16:35:40', NULL, NULL, NULL, NULL, NULL),
(207, 12, 89, 7, 190.00, 'shipped', NULL, 'Bacanaya Village, Philippines 8000', 'cod', 'pending', NULL, '2025-10-13 03:03:18', '2025-10-24 15:29:16', NULL, NULL, NULL, NULL, NULL),
(208, 12, 90, 7, 190.00, 'delivered', NULL, 'Bacanaya Village, Philippines 8000', 'cod', 'pending', NULL, '2025-10-13 03:05:26', '2025-10-23 23:08:21', NULL, NULL, NULL, NULL, NULL),
(209, 12, 91, 7, 190.00, 'delivered', NULL, 'Bacanaya Village, Philippines 8000', 'gcash', 'pending', NULL, '2025-10-13 03:06:17', '2025-10-23 23:08:10', NULL, NULL, NULL, NULL, NULL),
(210, 12, 92, 11, 760.80, 'cancelled', NULL, 'Bacanaya Village, Philippines 8000', 'cod', 'pending', NULL, '2025-10-13 03:11:57', '2025-10-16 10:01:00', NULL, NULL, NULL, NULL, NULL),
(211, 12, 93, 11, 2322.93, 'pending', NULL, 'Bacanaya Village, Philippines 8000', 'gcash', 'pending', NULL, '2025-10-13 04:59:28', '2025-10-13 04:59:28', NULL, NULL, NULL, NULL, NULL),
(212, 12, 94, 11, 760.80, 'cancelled', NULL, 'Bacanaya Village, Philippines 8000', 'cod', 'pending', NULL, '2025-10-13 05:03:57', '2025-10-21 18:02:30', NULL, '2025-10-21 18:02:30', NULL, 'testing', NULL),
(213, 12, 95, 7, 190.00, 'completed', '2025-11-09 15:35:29', 'Bacanaya Village, Philippines 8000', 'gcash', 'pending', NULL, '2025-10-13 05:04:24', '2025-11-09 14:35:29', NULL, NULL, NULL, NULL, NULL),
(214, 12, 96, 11, 760.80, 'processing', NULL, 'Bacanaya Village, Philippines 8000', 'cod', 'pending', NULL, '2025-10-13 05:08:14', '2025-10-22 00:47:08', NULL, NULL, NULL, NULL, NULL),
(215, 12, 97, 11, 2322.93, '', NULL, 'Bacanaya Village, Philippines 8000', 'gcash', 'pending', NULL, '2025-10-15 08:19:39', '2025-11-05 09:55:25', NULL, NULL, NULL, NULL, NULL),
(216, 12, 98, 7, 290.00, 'cancelled', NULL, 'Bacanaya Village, Philippines 8000', 'gcash', 'pending', NULL, '2025-10-16 08:28:51', '2025-10-16 08:34:05', NULL, NULL, NULL, NULL, NULL),
(217, 12, 98, 11, 1983.64, 'cancelled', NULL, 'Bacanaya Village, Philippines 8000', 'gcash', 'pending', NULL, '2025-10-16 08:28:51', '2025-10-16 09:43:22', NULL, NULL, NULL, NULL, NULL),
(218, 12, 99, 11, 1562.13, 'cancelled', NULL, 'Bacanaya Village, Philippines 8000', 'cod', 'pending', NULL, '2025-10-16 08:50:54', '2025-10-16 09:43:20', NULL, NULL, NULL, NULL, NULL),
(219, 12, 100, 11, 760.80, 'cancelled', NULL, 'Bacanaya Village, Philippines 8000', 'paymaya', 'pending', NULL, '2025-10-16 08:56:13', '2025-10-16 09:43:06', NULL, NULL, NULL, NULL, NULL),
(220, 12, 101, 11, 760.80, 'cancelled', NULL, 'Bacanaya Village, Philippines 8000', 'gcash', 'pending', NULL, '2025-10-16 09:10:58', '2025-10-16 09:48:19', NULL, NULL, NULL, NULL, NULL),
(221, 12, 102, 11, 3238.32, 'cancelled', NULL, 'Bacanaya Village, Philippines 8000', 'card', 'pending', NULL, '2025-10-21 20:55:21', '2025-11-05 09:35:25', NULL, '2025-11-05 09:35:25', NULL, 'test', NULL),
(222, 12, 103, 7, 589.00, '', '2025-11-08 08:17:41', 'Bacanaya Village, Philippines 8000', 'cod', 'pending', NULL, '2025-10-22 06:36:12', '2025-11-08 07:17:41', NULL, NULL, NULL, NULL, NULL),
(223, 12, 104, 7, 190.00, '', '2025-11-08 08:17:16', 'Bacanaya Village, Philippines 8000', 'cod', 'pending', NULL, '2025-10-22 06:48:27', '2025-11-08 07:17:16', NULL, NULL, NULL, NULL, NULL),
(224, 12, 104, 11, 3299.13, 'cancelled', NULL, 'Bacanaya Village, Philippines 8000', 'cod', 'pending', NULL, '2025-10-22 06:48:27', '2025-11-05 09:37:29', NULL, '2025-11-05 09:37:29', NULL, 'cancel please', NULL),
(225, 12, 105, 11, 3299.13, 'pending', NULL, 'Bacanaya Village, Philippines 8000', 'card', 'pending', NULL, '2025-10-23 08:36:39', '2025-10-23 08:36:39', NULL, NULL, NULL, NULL, NULL),
(226, 12, 106, 11, 915.39, 'cancelled', NULL, 'Bacanaya Village, Philippines 8000', 'cod', 'pending', NULL, '2025-10-23 08:44:02', '2025-11-05 09:33:19', NULL, '2025-11-05 09:33:19', NULL, 'i dont want to buy this anymore ive found a better alternative', NULL),
(227, 12, 107, 11, 694.79, '', '2025-11-08 08:11:21', 'Bacanaya Village, Philippines 8000', 'cod', 'pending', NULL, '2025-10-23 09:07:18', '2025-11-08 07:11:21', NULL, NULL, NULL, NULL, NULL),
(228, 12, 108, 11, 611.42, 'cancelled', NULL, 'Bacanaya Village, Philippines 8000', 'gcash', 'pending', NULL, '2025-10-23 09:14:57', '2025-11-05 09:32:11', NULL, '2025-11-05 09:32:11', NULL, 'i dont have cash at the moment', NULL),
(229, 9, 109, 7, 680.00, '', NULL, 'AddressAddressAddressAddressAddress', 'cod', 'pending', NULL, '2025-10-23 23:17:56', '2025-10-30 12:39:33', NULL, NULL, NULL, NULL, 'processing'),
(230, 9, 109, 11, 3844.53, 'pending', NULL, 'AddressAddressAddressAddressAddress', 'cod', 'pending', NULL, '2025-10-23 23:17:56', '2025-10-23 23:17:56', NULL, NULL, NULL, NULL, NULL),
(240, 9, 119, 7, 190.00, '', NULL, 'AddressAddressAddressAddressAddress', 'cod', 'pending', NULL, '2025-10-24 01:42:39', '2025-10-26 06:41:06', NULL, NULL, NULL, NULL, 'processing'),
(241, 9, 120, 7, 100.00, '', NULL, 'AddressAddressAddressAddressAddress', 'cod', 'pending', NULL, '2025-10-24 01:48:05', '2025-10-26 06:45:37', NULL, NULL, NULL, NULL, 'processing'),
(242, 9, 121, 11, 1521.60, 'pending', NULL, 'AddressAddressAddressAddressAddress', 'gcash', 'pending', NULL, '2025-10-24 07:29:57', '2025-10-24 07:29:57', NULL, NULL, NULL, NULL, NULL),
(243, 9, 122, 11, 8136.61, 'delivered', NULL, 'AddressAddressAddressAddressAddress', 'cod', 'pending', NULL, '2025-10-24 13:27:43', '2025-11-05 09:51:35', NULL, NULL, NULL, NULL, NULL),
(244, 9, 123, 11, 4059.93, 'pending', NULL, 'AddressAddressAddressAddressAddress', 'cod', 'pending', NULL, '2025-10-29 10:36:01', '2025-10-29 10:36:01', NULL, NULL, NULL, NULL, NULL),
(245, 9, 124, 7, 120.00, 'delivered', NULL, 'AddressAddressAddressAddressAddress', 'cod', 'pending', NULL, '2025-10-29 11:03:16', '2025-10-29 11:08:33', NULL, NULL, NULL, NULL, NULL),
(246, 9, 125, 7, 400.00, 'shipped', NULL, 'AddressAddressAddressAddressAddress', 'cod', 'pending', NULL, '2025-10-29 11:50:30', '2025-10-29 16:50:07', NULL, NULL, NULL, NULL, NULL),
(247, 9, 126, 7, 400.00, '', NULL, 'AddressAddressAddressAddressAddress', 'cod', 'pending', NULL, '2025-10-29 11:50:55', '2025-10-30 15:26:15', NULL, NULL, NULL, NULL, 'processing'),
(248, 9, 127, 7, 320.00, '', NULL, 'AddressAddressAddressAddressAddress', 'cod', 'pending', NULL, '2025-10-29 15:19:41', '2025-10-30 15:12:41', NULL, NULL, NULL, NULL, 'processing'),
(249, 9, 128, 7, 220.00, 'pending', NULL, 'AddressAddressAddressAddressAddress', 'cod', 'pending', NULL, '2025-10-30 12:08:54', '2025-10-30 12:08:54', NULL, NULL, NULL, NULL, NULL),
(250, 9, 129, 7, 90.00, 'pending', NULL, 'AddressAddressAddressAddressAddress', 'cod', 'pending', NULL, '2025-10-30 15:12:28', '2025-10-30 15:12:28', NULL, NULL, NULL, NULL, NULL),
(251, 12, 130, 11, 611.42, '', '2025-11-08 08:07:34', 'Bacanaya Village, Philippines 8000', 'gcash', 'pending', NULL, '2025-11-01 07:24:44', '2025-11-08 07:07:34', NULL, NULL, NULL, NULL, NULL),
(252, 12, 130, 7, 100.00, 'pending', NULL, 'Bacanaya Village, Philippines 8000', 'gcash', 'pending', NULL, '2025-11-01 07:24:44', '2025-11-01 07:24:44', NULL, NULL, NULL, NULL, NULL),
(253, 12, 131, 7, 100.00, 'pending', NULL, 'Bacanaya Village, Philippines 8000', 'paymaya', 'pending', NULL, '2025-11-02 20:21:07', '2025-11-02 20:21:07', NULL, NULL, NULL, NULL, NULL),
(254, 12, 132, 7, 500.00, 'pending', NULL, 'Bacanaya Village, Philippines 8000', 'gcash', 'pending', NULL, '2025-11-05 08:46:57', '2025-11-05 08:46:57', NULL, NULL, NULL, NULL, NULL),
(255, 12, 133, 7, 120.00, 'pending', NULL, 'Bacanaya Village, Philippines 8000', 'card', 'pending', NULL, '2025-11-06 11:27:28', '2025-11-06 11:27:28', NULL, NULL, NULL, NULL, NULL),
(256, 12, 134, 11, 749.00, 'pending', NULL, 'Bacanaya Village, Philippines 8000', 'gcash', 'pending', NULL, '2025-11-06 22:57:20', '2025-11-06 22:57:20', NULL, NULL, NULL, NULL, NULL),
(257, 12, 135, 11, 749.00, 'pending', NULL, 'Bacanaya Village, Philippines 8000', 'paymaya', 'pending', NULL, '2025-11-06 22:58:20', '2025-11-06 22:58:20', NULL, NULL, NULL, NULL, NULL),
(258, 12, 136, 11, 449.00, 'pending', NULL, 'Bacanaya Village, Philippines 8000', 'gcash', 'pending', NULL, '2025-11-07 05:35:44', '2025-11-07 05:35:44', NULL, NULL, NULL, NULL, NULL),
(259, 12, 137, 11, 449.00, 'pending', NULL, 'Bacanaya Village, Philippines 8000', 'gcash', 'pending', NULL, '2025-11-07 05:35:56', '2025-11-07 05:35:56', NULL, NULL, NULL, NULL, NULL),
(260, 12, 138, 11, 449.00, 'pending', NULL, 'Bacanaya Village, Philippines 8000', 'paymaya', 'pending', NULL, '2025-11-07 05:37:39', '2025-11-07 05:37:39', NULL, NULL, NULL, NULL, NULL),
(261, 12, 139, 7, 400.00, 'pending', NULL, 'Bacanaya Village, Philippines 8000', 'gcash', 'pending', NULL, '2025-11-07 05:40:21', '2025-11-07 05:40:21', NULL, NULL, NULL, NULL, NULL),
(262, 12, 140, 7, 400.00, 'pending', NULL, 'Bacanaya Village, Philippines 8000', 'grab_pay', 'pending', NULL, '2025-11-07 05:40:33', '2025-11-07 05:40:33', NULL, NULL, NULL, NULL, NULL),
(263, 12, 140, 11, 300.00, 'pending', NULL, 'Bacanaya Village, Philippines 8000', 'grab_pay', 'pending', NULL, '2025-11-07 05:40:33', '2025-11-07 05:40:33', NULL, NULL, NULL, NULL, NULL),
(264, 12, 141, 11, 1143.79, 'pending', NULL, 'Bacanaya Village, Philippines 8000', 'paymaya', 'pending', NULL, '2025-11-07 05:41:08', '2025-11-07 05:41:08', NULL, NULL, NULL, NULL, NULL),
(265, 12, 142, 11, 1143.79, 'pending', NULL, 'Bacanaya Village, Philippines 8000', 'gcash', 'pending', NULL, '2025-11-07 05:46:31', '2025-11-07 05:46:31', NULL, NULL, NULL, NULL, NULL),
(266, 12, 143, 7, 120.00, 'pending', NULL, 'Bacanaya Village, Philippines 8000', 'grab_pay', 'pending', NULL, '2025-11-07 05:47:01', '2025-11-07 05:47:01', NULL, NULL, NULL, NULL, NULL),
(267, 12, 144, 11, 611.42, 'pending', NULL, 'Bacanaya Village, Philippines 8000', 'gcash', 'pending', NULL, '2025-11-07 05:47:45', '2025-11-07 05:47:45', NULL, NULL, NULL, NULL, NULL),
(268, 12, 145, 11, 300.00, 'pending', NULL, 'Bacanaya Village, Philippines 8000', 'billease', 'pending', NULL, '2025-11-07 05:48:06', '2025-11-07 05:48:06', NULL, NULL, NULL, NULL, NULL),
(269, 12, 146, 11, 915.39, 'pending', NULL, 'Bacanaya Village, Philippines 8000', 'grab_pay', 'pending', NULL, '2025-11-07 05:48:25', '2025-11-07 05:48:25', NULL, NULL, NULL, NULL, NULL),
(270, 12, 156, 11, 1562.13, 'pending', NULL, 'Bacanaya Village, Philippines 8000', 'cod', 'pending', NULL, '2025-11-07 06:03:21', '2025-11-07 06:03:21', NULL, NULL, NULL, NULL, NULL),
(281, 12, 166, 7, 120.00, 'pending', NULL, 'Bacanaya Village, Philippines 8000', 'cod', 'pending', NULL, '2025-11-07 06:38:26', '2025-11-07 06:38:26', NULL, NULL, NULL, NULL, NULL),
(282, 12, 166, 11, 300.00, 'pending', NULL, 'Bacanaya Village, Philippines 8000', 'cod', 'pending', NULL, '2025-11-07 06:38:26', '2025-11-07 06:38:26', NULL, NULL, NULL, NULL, NULL),
(305, 12, 175, 7, 90.00, 'pending', NULL, 'Bacanaya Village, Philippines 8000', 'paymaya', 'completed', NULL, '2025-11-07 20:36:19', '2025-11-07 20:36:19', NULL, NULL, NULL, NULL, NULL),
(306, 12, 175, 11, 300.00, 'pending', NULL, 'Bacanaya Village, Philippines 8000', 'paymaya', 'completed', NULL, '2025-11-07 20:36:19', '2025-11-07 20:36:19', NULL, NULL, NULL, NULL, NULL),
(307, 12, 179, 11, 300.00, 'completed', '2025-11-08 08:31:31', 'Bacanaya Village, Philippines 8000', 'grab_pay', 'completed', NULL, '2025-11-07 20:46:45', '2025-11-08 07:33:30', NULL, NULL, NULL, NULL, NULL),
(308, 12, 180, 11, 3299.13, '', '2025-11-08 08:07:28', 'Bacanaya Village, Philippines 8000', 'billease', 'completed', NULL, '2025-11-08 05:27:37', '2025-11-08 07:07:28', NULL, NULL, NULL, NULL, NULL),
(309, 12, 181, 7, 90.00, 'pending', NULL, 'Bacanaya Village, Philippines 8000', 'gcash', 'completed', NULL, '2025-11-08 05:30:39', '2025-11-08 05:30:39', NULL, NULL, NULL, NULL, NULL),
(310, 12, 182, 11, 300.00, 'pending', NULL, 'Bacanaya Village, Philippines 8000', 'gcash', 'completed', NULL, '2025-11-09 09:58:55', '2025-11-09 09:58:55', NULL, NULL, NULL, NULL, NULL),
(311, 12, 183, 11, 749.00, 'pending', NULL, 'Bacanaya Village, Philippines 8000', 'paymaya', 'completed', NULL, '2025-11-09 10:08:31', '2025-11-09 10:08:31', NULL, NULL, NULL, NULL, NULL),
(312, 12, 185, 11, 449.00, 'completed', '2025-11-09 15:44:28', 'Bacanaya Village, Philippines 8000', 'billease', 'completed', NULL, '2025-11-09 14:01:09', '2025-11-09 14:44:53', NULL, NULL, NULL, NULL, NULL),
(313, 12, 186, 11, 760.80, 'pending', NULL, 'Bacanaya Village, Philippines 8000', 'gcash', 'completed', NULL, '2025-11-09 14:43:45', '2025-11-09 14:43:45', NULL, NULL, NULL, NULL, NULL),
(314, 12, 187, 11, 12.00, 'pending', NULL, 'Bacanaya Village, Philippines 8000', 'paymaya', 'completed', NULL, '2025-11-10 00:36:27', '2025-11-10 00:36:27', NULL, NULL, NULL, NULL, NULL),
(315, 12, 188, 11, 2173.55, 'pending', NULL, 'Bacanaya Village, Philippines 8000', 'grab_pay', 'completed', NULL, '2025-11-10 02:49:50', '2025-11-10 02:49:50', NULL, NULL, NULL, NULL, NULL),
(316, 12, 189, 11, 12.00, 'pending', NULL, 'Bacanaya Village, Philippines 8000', 'gcash', 'completed', NULL, '2025-11-10 02:53:36', '2025-11-10 02:53:36', NULL, NULL, NULL, NULL, NULL);

--
-- Triggers `orders`
--
DELIMITER $$
CREATE TRIGGER `order_status_change_log` AFTER UPDATE ON `orders` FOR EACH ROW BEGIN
    IF OLD.status != NEW.status THEN
        INSERT INTO order_status_history (order_id, status, notes, updated_by, created_at)
        VALUES (NEW.id, NEW.status, CONCAT('Status changed from ', OLD.status, ' to ', NEW.status), NEW.user_id, NOW());
    END IF;
END
$$
DELIMITER ;

-- --------------------------------------------------------

--
-- Table structure for table `order_groups`
--

CREATE TABLE `order_groups` (
  `id` int(11) NOT NULL,
  `payment_transaction_id` int(11) NOT NULL,
  `group_name` varchar(255) NOT NULL,
  `total_orders` int(11) NOT NULL DEFAULT 0,
  `total_amount` decimal(10,2) NOT NULL DEFAULT 0.00,
  `created_at` timestamp NOT NULL DEFAULT current_timestamp()
) ENGINE=InnoDB DEFAULT CHARSET=utf8mb4 COLLATE=utf8mb4_general_ci;

-- --------------------------------------------------------

--
-- Table structure for table `order_items`
--

CREATE TABLE `order_items` (
  `id` int(10) UNSIGNED NOT NULL,
  `order_id` int(11) DEFAULT NULL,
  `product_id` int(11) DEFAULT NULL,
  `quantity` int(11) NOT NULL,
  `price` decimal(10,2) NOT NULL
) ENGINE=InnoDB DEFAULT CHARSET=utf8mb4 COLLATE=utf8mb4_general_ci;

--
-- Dumping data for table `order_items`
--

INSERT INTO `order_items` (`id`, `order_id`, `product_id`, `quantity`, `price`) VALUES
(1, 1, 2, 2, 1233.00),
(2, 2, 3, 1, 1233.00),
(3, 3, 3, 5, 1233.00),
(4, 4, 3, 8, 1233.00),
(5, 5, 3, 1, 1233.00),
(6, 6, 3, 1, 1233.00),
(7, 7, 3, 3, 1233.00),
(8, 8, 8, 5, 111.00),
(9, 9, 3, 1, 1233.00),
(10, 10, 9, 4, 111.00),
(11, 10, 3, 2, 1233.00),
(12, 10, 6, 1, 111.00),
(13, 11, 3, 1, 1233.00),
(14, 11, 6, 1, 111.00),
(15, 11, 8, 1, 111.00),
(16, 11, 9, 1, 111.00),
(17, 12, 13, 2, 100.00),
(18, 12, 11, 2, 10000.00),
(19, 12, 16, 1, 100.00),
(20, 13, 11, 1, 10000.00),
(21, 14, 16, 2, 100.00),
(22, 14, 13, 2, 100.00),
(23, 14, 11, 1, 10000.00),
(24, 14, 17, 1, 300.00),
(25, 15, 17, 1, 300.00),
(26, 15, 18, 1, 15.00),
(27, 16, 18, 3, 15.00),
(28, 16, 19, 2, 11.00),
(29, 16, 20, 1, 100.00),
(30, 17, 19, 1, 11.00),
(31, 18, 18, 1, 15.00),
(32, 19, 21, 1, 2000.00),
(33, 20, 19, 1, 11.00),
(34, 21, 21, 1, 2000.00),
(35, 21, 20, 1, 100.00),
(36, 21, 19, 3, 11.00),
(37, 21, 18, 2, 15.00),
(38, 22, 19, 1, 11.00),
(39, 23, 19, 1, 11.00),
(40, 24, 21, 1, 2000.00),
(41, 25, 17, 1, 300.00),
(42, 25, 18, 1, 15.00),
(43, 25, 19, 1, 11.00),
(44, 26, 17, 1, 300.00),
(45, 27, 21, 1, 2000.00),
(46, 28, 17, 1, 300.00),
(47, 29, 18, 1, 15.00),
(48, 30, 18, 1, 15.00),
(49, 31, 18, 1, 15.00),
(50, 32, 19, 1, 11.00),
(51, 33, 20, 1, 100.00),
(52, 34, 20, 1, 100.00),
(53, 35, 18, 1, 15.00),
(54, 35, 19, 1, 11.00),
(55, 35, 20, 1, 100.00),
(56, 35, 17, 1, 300.00),
(57, 36, 18, 2, 15.00),
(58, 36, 17, 2, 300.00),
(59, 37, 18, 1, 15.00),
(60, 38, 19, 1, 11.00),
(61, 39, 18, 1, 15.00),
(62, 40, 20, 1, 100.00),
(63, 41, 18, 1, 15.00),
(64, 42, 18, 1, 15.00),
(65, 43, 18, 1, 15.00),
(66, 44, 18, 1, 15.00),
(67, 45, 18, 1, 15.00),
(68, 46, 18, 1, 15.00),
(69, 47, 21, 1, 2000.00),
(70, 48, 18, 1, 15.00),
(71, 49, 18, 1, 15.00),
(72, 50, 18, 1, 15.00),
(73, 51, 18, 1, 15.00),
(74, 52, 18, 1, 15.00),
(75, 53, 22, 1, 10000.00),
(76, 54, 22, 50, 10000.00),
(77, 55, 22, 1, 10000.00),
(78, 56, 22, 1, 10000.00),
(79, 57, 17, 1, 300.00),
(80, 58, 21, 1, 2000.00),
(81, 59, 22, 3, 10000.00),
(82, 59, 17, 2, 300.00),
(83, 59, 19, 2, 11.00),
(84, 60, 21, 1, 2000.00),
(85, 61, 22, 1, 10000.00),
(86, 62, 22, 1, 10000.00),
(87, 63, 22, 3, 10000.00),
(88, 64, 18, 1, 15.00),
(89, 65, 17, 1, 300.00),
(90, 66, 17, 1, 300.00),
(91, 67, 17, 1, 300.00),
(92, 68, 22, 1, 10000.00),
(93, 69, 18, 1, 15.00),
(94, 70, 22, 1, 10000.00),
(95, 71, 22, 1, 10000.00),
(96, 72, 22, 1, 10000.00),
(97, 73, 22, 1, 10000.00),
(98, 74, 22, 1, 10000.00),
(99, 75, 22, 1, 10000.00),
(100, 76, 22, 1, 10000.00),
(101, 77, 22, 1, 10000.00),
(102, 78, 22, 1, 10000.00),
(103, 79, 22, 1, 10000.00),
(104, 80, 21, 1, 2000.00),
(105, 81, 21, 1, 2000.00),
(106, 82, 21, 1, 2000.00),
(107, 83, 21, 1, 2000.00),
(108, 84, 21, 1, 2000.00),
(109, 85, 21, 1, 2000.00),
(110, 86, 23, 1, 500.00),
(111, 87, 23, 1, 500.00),
(112, 88, 21, 1, 2000.00),
(113, 89, 17, 1, 300.00),
(114, 90, 22, 1, 10000.00),
(115, 91, 22, 1, 10000.00),
(116, 92, 23, 1, 500.00),
(117, 93, 22, 1, 10000.00),
(118, 94, 23, 1, 500.00),
(119, 94, 22, 1, 10000.00),
(120, 94, 21, 1, 2000.00),
(121, 94, 20, 1, 100.00),
(122, 94, 19, 1, 11.00),
(123, 95, 18, 4, 15.00),
(124, 95, 24, 3, 100.00),
(125, 96, 19, 1, 11.00),
(126, 97, 18, 1, 15.00),
(127, 97, 19, 2, 11.00),
(128, 97, 20, 1, 100.00),
(129, 97, 21, 1, 2000.00),
(130, 98, 19, 1, 11.00),
(131, 99, 26, 1, 190.00),
(132, 100, 35, 1, 7525.19),
(133, 100, 37, 1, 760.80),
(134, 100, 39, 1, 760.80),
(135, 101, 20, 1, 100.00),
(136, 101, 39, 1, 760.80),
(137, 101, 37, 1, 760.80),
(138, 101, 35, 1, 7525.19),
(139, 101, 26, 1, 190.00),
(140, 102, 37, 1, 760.80),
(141, 103, 35, 40, 7525.19),
(142, 109, 20, 7, 100.00),
(143, 109, 26, 8, 190.00),
(144, 110, 34, 1, 1562.13),
(145, 110, 35, 5, 7525.19),
(146, 110, 39, 3, 760.80),
(147, 110, 37, 4, 760.80),
(148, 110, 30, 1, 4674.80),
(149, 110, 32, 2, 611.42),
(150, 110, 33, 1, 915.39),
(151, 110, 31, 1, 694.79),
(152, 111, 20, 5, 100.00),
(153, 112, 35, 1, 7525.19),
(154, 112, 37, 1, 760.80),
(155, 112, 39, 1, 760.80),
(156, 112, 30, 1, 4674.80),
(157, 112, 32, 1, 611.42),
(158, 112, 31, 1, 694.79),
(159, 113, 20, 1, 100.00),
(160, 114, 34, 1, 1562.13),
(161, 114, 35, 1, 7525.19),
(162, 114, 39, 1, 760.80),
(163, 114, 30, 1, 4674.80),
(164, 114, 33, 1, 915.39),
(165, 114, 31, 1, 694.79),
(166, 115, 20, 1, 100.00),
(167, 116, 34, 1, 1562.13),
(168, 116, 35, 1, 7525.19),
(169, 116, 39, 1, 760.80),
(170, 116, 37, 1, 760.80),
(171, 116, 32, 1, 611.42),
(172, 116, 33, 1, 915.39),
(173, 116, 31, 1, 694.79),
(174, 117, 20, 1, 100.00),
(175, 118, 34, 1, 1562.13),
(176, 118, 37, 1, 760.80),
(177, 118, 32, 1, 611.42),
(178, 119, 20, 1, 100.00),
(179, 120, 34, 1, 1562.13),
(180, 120, 37, 1, 760.80),
(181, 120, 32, 1, 611.42),
(182, 121, 20, 1, 100.00),
(183, 122, 34, 1, 1562.13),
(184, 122, 37, 1, 760.80),
(185, 122, 32, 1, 611.42),
(186, 123, 20, 1, 100.00),
(187, 124, 34, 1, 1562.13),
(188, 124, 37, 1, 760.80),
(189, 124, 32, 1, 611.42),
(190, 125, 20, 1, 100.00),
(191, 126, 34, 1, 1562.13),
(192, 126, 37, 1, 760.80),
(193, 126, 32, 1, 611.42),
(194, 127, 20, 1, 100.00),
(195, 128, 34, 1, 1562.13),
(196, 128, 37, 1, 760.80),
(197, 128, 32, 1, 611.42),
(198, 129, 20, 1, 100.00),
(199, 130, 34, 1, 1562.13),
(200, 130, 37, 1, 760.80),
(201, 130, 32, 1, 611.42),
(202, 131, 20, 1, 100.00),
(203, 132, 34, 1, 1562.13),
(204, 132, 37, 1, 760.80),
(205, 132, 32, 1, 611.42),
(206, 133, 20, 1, 100.00),
(207, 134, 34, 1, 1562.13),
(208, 134, 37, 1, 760.80),
(209, 134, 32, 1, 611.42),
(210, 135, 20, 1, 100.00),
(211, 136, 34, 1, 1562.13),
(212, 136, 37, 1, 760.80),
(213, 136, 32, 1, 611.42),
(214, 137, 37, 1, 760.80),
(215, 138, 37, 1, 760.80),
(216, 139, 37, 1, 760.80),
(217, 140, 37, 1, 760.80),
(218, 141, 37, 1, 760.80),
(219, 142, 37, 1, 760.80),
(220, 143, 37, 1, 760.80),
(221, 144, 37, 1, 760.80),
(222, 145, 32, 1, 611.42),
(223, 145, 34, 1, 1562.13),
(224, 145, 37, 1, 760.80),
(225, 146, 34, 1, 1562.13),
(226, 146, 37, 1, 760.80),
(227, 146, 39, 1, 760.80),
(228, 147, 39, 1, 760.80),
(229, 148, 39, 1, 760.80),
(230, 149, 39, 1, 760.80),
(231, 150, 39, 1, 760.80),
(232, 151, 39, 1, 760.80),
(233, 152, 39, 1, 760.80),
(234, 153, 39, 1, 760.80),
(235, 154, 39, 1, 760.80),
(236, 155, 39, 1, 760.80),
(237, 158, 39, 1, 760.80),
(238, 159, 39, 1, 760.80),
(239, 160, 39, 1, 760.80),
(240, 161, 39, 1, 760.80),
(241, 162, 39, 1, 760.80),
(242, 163, 39, 1, 760.80),
(243, 164, 32, 1, 611.42),
(244, 165, 32, 1, 611.42),
(245, 166, 32, 1, 611.42),
(246, 167, 32, 1, 611.42),
(247, 168, 32, 1, 611.42),
(248, 169, 32, 1, 611.42),
(249, 170, 32, 1, 611.42),
(250, 171, 32, 1, 611.42),
(251, 172, 32, 1, 611.42),
(252, 173, 32, 1, 611.42),
(253, 174, 32, 1, 611.42),
(254, 175, 32, 1, 611.42),
(255, 176, 32, 1, 611.42),
(256, 177, 32, 1, 611.42),
(257, 178, 32, 1, 611.42),
(258, 179, 32, 1, 611.42),
(259, 180, 32, 1, 611.42),
(260, 181, 32, 1, 611.42),
(261, 182, 32, 1, 611.42),
(262, 183, 32, 1, 611.42),
(263, 184, 32, 1, 611.42),
(264, 185, 32, 1, 611.42),
(265, 186, 32, 1, 611.42),
(266, 187, 32, 1, 611.42),
(267, 188, 32, 1, 611.42),
(268, 189, 32, 1, 611.42),
(269, 190, 32, 1, 611.42),
(270, 191, 34, 1, 1562.13),
(271, 192, 34, 1, 1562.13),
(272, 193, 34, 1, 1562.13),
(273, 194, 34, 1, 1562.13),
(274, 195, 34, 1, 1562.13),
(275, 196, 34, 1, 1562.13),
(276, 197, 34, 1, 1562.13),
(277, 198, 32, 1, 611.42),
(278, 198, 34, 1, 1562.13),
(279, 198, 37, 1, 760.80),
(280, 199, 32, 1, 611.42),
(281, 199, 34, 1, 1562.13),
(282, 199, 37, 1, 760.80),
(283, 200, 32, 1, 611.42),
(284, 200, 34, 1, 1562.13),
(285, 200, 37, 1, 760.80),
(286, 201, 32, 1, 611.42),
(287, 201, 34, 1, 1562.13),
(288, 201, 37, 1, 760.80),
(289, 202, 32, 1, 611.42),
(290, 202, 34, 1, 1562.13),
(291, 202, 37, 1, 760.80),
(292, 203, 32, 1, 611.42),
(293, 203, 34, 1, 1562.13),
(294, 203, 37, 1, 760.80),
(295, 204, 26, 1, 190.00),
(296, 205, 26, 1, 190.00),
(297, 206, 26, 1, 190.00),
(298, 207, 26, 1, 190.00),
(299, 208, 26, 1, 190.00),
(300, 209, 26, 1, 190.00),
(301, 210, 39, 1, 760.80),
(302, 211, 34, 1, 1562.13),
(303, 211, 37, 1, 760.80),
(304, 212, 37, 1, 760.80),
(305, 213, 26, 1, 190.00),
(306, 214, 37, 1, 760.80),
(307, 215, 34, 1, 1562.13),
(308, 215, 37, 1, 760.80),
(309, 216, 20, 1, 100.00),
(310, 216, 26, 1, 190.00),
(311, 217, 32, 2, 611.42),
(312, 217, 37, 1, 760.80),
(313, 218, 34, 1, 1562.13),
(314, 219, 37, 1, 760.80),
(315, 220, 39, 1, 760.80),
(316, 221, 33, 1, 915.39),
(317, 221, 34, 1, 1562.13),
(318, 221, 37, 1, 760.80),
(319, 222, 20, 1, 100.00),
(320, 222, 24, 1, 299.00),
(321, 222, 26, 1, 190.00),
(322, 223, 26, 1, 190.00),
(323, 224, 27, 1, 3299.13),
(324, 225, 27, 1, 3299.13),
(325, 226, 33, 1, 915.39),
(326, 227, 31, 1, 694.79),
(327, 228, 32, 1, 611.42),
(328, 229, 20, 3, 100.00),
(329, 229, 26, 2, 190.00),
(330, 230, 34, 1, 1562.13),
(331, 230, 39, 2, 760.80),
(332, 230, 37, 1, 760.80),
(333, 240, 26, 1, 190.00),
(334, 241, 20, 1, 100.00),
(335, 242, 37, 2, 760.80),
(336, 243, 32, 1, 611.42),
(337, 243, 35, 1, 7525.19),
(338, 244, 27, 1, 3299.13),
(339, 244, 37, 1, 760.80),
(340, 245, 26, 1, 120.00),
(341, 246, 1, 1, 400.00),
(342, 247, 1, 1, 400.00),
(343, 248, 25, 2, 100.00),
(344, 248, 26, 1, 120.00),
(345, 249, 26, 1, 120.00),
(346, 249, 27, 1, 100.00),
(347, 250, 28, 1, 90.00),
(348, 251, 19, 1, 611.42),
(349, 252, 27, 1, 100.00),
(350, 253, 27, 1, 100.00),
(351, 254, 1, 1, 400.00),
(352, 254, 25, 1, 100.00),
(353, 255, 26, 1, 120.00),
(354, 256, 30, 1, 300.00),
(355, 256, 32, 1, 449.00),
(356, 257, 30, 1, 300.00),
(357, 257, 32, 1, 449.00),
(358, 258, 32, 1, 449.00),
(359, 259, 32, 1, 449.00),
(360, 260, 32, 1, 449.00),
(361, 261, 1, 1, 400.00),
(362, 262, 1, 1, 400.00),
(363, 263, 30, 1, 300.00),
(364, 264, 32, 1, 449.00),
(365, 264, 18, 1, 694.79),
(366, 265, 32, 1, 449.00),
(367, 265, 18, 1, 694.79),
(368, 266, 26, 1, 120.00),
(369, 267, 19, 1, 611.42),
(370, 268, 30, 1, 300.00),
(371, 269, 20, 1, 915.39),
(372, 270, 21, 1, 1562.13),
(385, 281, 26, 1, 120.00),
(386, 282, 30, 1, 300.00),
(409, 305, 28, 1, 90.00),
(410, 306, 30, 1, 300.00),
(411, 307, 30, 1, 300.00),
(412, 308, 16, 1, 3299.13),
(413, 309, 28, 1, 90.00),
(414, 310, 30, 1, 300.00),
(415, 311, 30, 1, 300.00),
(416, 311, 32, 1, 449.00),
(417, 312, 32, 1, 449.00),
(418, 313, 24, 1, 760.80),
(419, 314, 34, 1, 12.00),
(420, 315, 21, 1, 1562.13),
(421, 315, 19, 1, 611.42),
(422, 316, 34, 1, 12.00);

-- --------------------------------------------------------

--
-- Table structure for table `order_status_history`
--

CREATE TABLE `order_status_history` (
  `id` int(10) UNSIGNED NOT NULL,
  `order_id` int(11) NOT NULL,
  `status` varchar(50) NOT NULL,
  `notes` text DEFAULT NULL,
  `updated_by` int(11) NOT NULL,
  `created_at` timestamp NOT NULL DEFAULT current_timestamp()
) ENGINE=InnoDB DEFAULT CHARSET=utf8mb4 COLLATE=utf8mb4_general_ci;

--
-- Dumping data for table `order_status_history`
--

INSERT INTO `order_status_history` (`id`, `order_id`, `status`, `notes`, `updated_by`, `created_at`) VALUES
(1, 6, 'delivered', 'Status updated to delivered by seller.', 1, '2025-09-03 13:01:00'),
(2, 5, 'delivered', 'Status updated to delivered by seller.', 1, '2025-09-03 13:01:24'),
(3, 4, 'pending', 'Status updated to pending by seller.', 1, '2025-09-03 13:01:24'),
(4, 3, 'pending', 'Status updated to pending by seller.', 1, '2025-09-03 13:01:26'),
(5, 4, 'pending', 'Status updated to pending by seller.', 1, '2025-09-03 13:01:26'),
(6, 3, 'pending', 'Status updated to pending by seller.', 1, '2025-09-03 13:01:27'),
(7, 2, 'pending', 'Status updated to pending by seller.', 1, '2025-09-03 13:01:27'),
(8, 1, 'pending', 'Status updated to pending by seller.', 1, '2025-09-03 13:01:28'),
(9, 1, 'pending', 'Status updated to pending by seller.', 1, '2025-09-03 13:01:29'),
(10, 1, 'pending', 'Status updated to pending by seller.', 1, '2025-09-03 13:01:29'),
(11, 2, 'pending', 'Status updated to pending by seller.', 1, '2025-09-03 13:01:30'),
(12, 3, 'pending', 'Status updated to pending by seller.', 1, '2025-09-03 13:01:30'),
(13, 4, 'pending', 'Status updated to pending by seller.', 1, '2025-09-03 13:01:31'),
(14, 4, 'pending', 'Status updated to pending by seller.', 1, '2025-09-03 13:01:31'),
(15, 4, 'pending', 'Status updated to pending by seller.', 1, '2025-09-03 13:01:31'),
(16, 4, 'delivered', 'Status updated to delivered by seller.', 1, '2025-09-03 13:01:34'),
(17, 3, 'delivered', 'Status updated to delivered by seller.', 1, '2025-09-03 13:01:38'),
(18, 3, 'delivered', 'Status updated to delivered by seller.', 1, '2025-09-03 13:01:39'),
(19, 2, 'delivered', 'Status updated to delivered by seller.', 1, '2025-09-03 13:01:41'),
(20, 1, 'delivered', 'Status updated to delivered by seller.', 1, '2025-09-03 13:01:43'),
(21, 8, 'delivered', 'Status updated to delivered by seller.', 1, '2025-09-03 13:19:47'),
(22, 8, 'delivered', 'Status updated to delivered by seller.', 1, '2025-09-03 13:21:32'),
(23, 8, 'delivered', 'Status updated to delivered by seller.', 1, '2025-09-03 13:23:16'),
(24, 8, 'pending', 'Status updated to pending by seller.', 1, '2025-09-03 13:23:18'),
(25, 8, 'processing', 'Status updated to processing by seller.', 1, '2025-09-03 13:23:21'),
(26, 8, 'shipped', 'Status updated to shipped by seller.', 1, '2025-09-03 13:23:23'),
(27, 8, 'delivered', 'Status updated to delivered by seller.', 1, '2025-09-03 13:23:25'),
(28, 7, 'processing', 'Status updated to processing by seller.', 1, '2025-09-03 13:23:36'),
(29, 14, 'delivered', 'Status updated to delivered by seller.', 7, '2025-09-13 03:21:16'),
(30, 13, 'delivered', 'Status updated to delivered by seller.', 7, '2025-09-13 03:21:18'),
(31, 12, 'delivered', 'Status updated to delivered by seller.', 7, '2025-09-13 03:21:20'),
(32, 23, 'delivered', 'Status updated to delivered by seller.', 7, '2025-09-13 16:07:49'),
(33, 22, 'delivered', 'Status updated to delivered by seller.', 7, '2025-09-13 16:07:51'),
(34, 21, 'delivered', 'Status updated to delivered by seller.', 7, '2025-09-13 16:07:53'),
(35, 18, 'delivered', 'Status updated to delivered by seller.', 7, '2025-09-13 16:07:58'),
(36, 18, 'processing', 'Status updated to processing by seller.', 7, '2025-09-13 16:08:01'),
(37, 17, 'shipped', 'Status updated to shipped by seller.', 7, '2025-09-13 16:08:04'),
(38, 17, 'delivered', 'Status updated to delivered by seller.', 7, '2025-09-13 16:08:07'),
(39, 25, 'confirmed', 'Status updated to confirmed by seller.', 7, '2025-09-13 16:33:20'),
(40, 12, 'confirmed', 'Status updated to confirmed by seller.', 7, '2025-09-13 16:33:45'),
(41, 13, 'confirmed', 'Status updated to confirmed by seller.', 7, '2025-09-13 16:33:48'),
(42, 14, 'confirmed', 'Status updated to confirmed by seller.', 7, '2025-09-13 16:33:51'),
(43, 25, 'confirmed', 'Status updated to confirmed by seller.', 7, '2025-09-13 16:34:00'),
(44, 24, 'confirmed', 'Status updated to confirmed by seller.', 7, '2025-09-13 16:34:06'),
(45, 25, 'confirmed', 'Status updated to confirmed by seller.', 7, '2025-09-13 16:34:21'),
(46, 25, 'confirmed', 'Status updated to confirmed by seller.', 7, '2025-09-13 16:34:32'),
(47, 23, 'confirmed', 'Status updated to confirmed by seller.', 7, '2025-09-13 16:34:38'),
(48, 22, 'confirmed', 'Status updated to confirmed by seller.', 7, '2025-09-13 16:34:41'),
(49, 24, 'processing', 'Status updated to processing by seller.', 7, '2025-09-13 16:34:48'),
(50, 23, 'processing', 'Status updated to processing by seller.', 7, '2025-09-13 16:34:50'),
(51, 25, 'processing', 'Status updated to processing by seller.', 7, '2025-09-13 16:34:52'),
(52, 22, 'processing', 'Status updated to processing by seller.', 7, '2025-09-13 16:34:54'),
(53, 13, 'confirmed', 'Status updated to confirmed by seller.', 7, '2025-09-14 03:39:10'),
(54, 13, 'confirmed', 'Status updated to confirmed by seller.', 7, '2025-09-14 03:42:00'),
(55, 15, 'confirmed', 'Status updated to confirmed by seller.', 7, '2025-09-14 03:42:13'),
(56, 15, 'confirmed', 'Status updated to confirmed by seller.', 7, '2025-09-14 03:42:25'),
(57, 15, 'confirmed', 'Status updated to confirmed by seller.', 7, '2025-09-14 03:43:07'),
(58, 15, 'confirmed', 'Status updated to confirmed by seller.', 7, '2025-09-14 03:43:18'),
(59, 25, 'confirmed', 'Status updated to confirmed by seller.', 7, '2025-09-14 03:43:33'),
(60, 25, 'confirmed', 'Status updated to confirmed by seller.', 7, '2025-09-14 03:44:04'),
(61, 25, 'confirmed', 'Status updated to confirmed by seller.', 7, '2025-09-14 03:44:20'),
(62, 25, 'confirmed', 'Status updated to confirmed by seller.', 7, '2025-09-14 03:44:23'),
(63, 25, 'confirmed', 'Status updated to confirmed by seller.', 7, '2025-09-14 03:44:50'),
(64, 24, 'shipped', 'Status updated to shipped by seller.', 7, '2025-09-14 03:45:32'),
(65, 24, 'pending', 'Status updated to pending by seller.', 7, '2025-09-14 03:45:34'),
(66, 24, 'pending', 'Status updated to pending by seller.', 7, '2025-09-14 03:45:37'),
(67, 24, 'confirmed', 'Status updated to confirmed by seller.', 7, '2025-09-14 03:45:42'),
(68, 24, 'confirmed', 'Status updated to confirmed by seller.', 7, '2025-09-14 03:47:14'),
(69, 24, 'confirmed', 'Status updated to confirmed by seller.', 7, '2025-09-14 03:47:40'),
(70, 24, 'processing', 'Status updated to processing by seller.', 7, '2025-09-14 03:47:50'),
(71, 25, 'cancelled', 'Status updated to cancelled by seller.', 7, '2025-09-14 03:47:57'),
(72, 25, 'delivered', 'Status updated to delivered by seller.', 7, '2025-09-14 03:48:00'),
(73, 25, 'shipped', 'Status updated to shipped by seller.', 7, '2025-09-14 03:48:04'),
(74, 25, 'confirmed', 'Status updated to confirmed by seller.', 7, '2025-09-14 03:48:06'),
(75, 25, 'confirmed', 'Status updated to confirmed by seller.', 7, '2025-09-14 03:50:32'),
(76, 25, 'confirmed', 'Status updated to confirmed by seller.', 7, '2025-09-14 03:50:39'),
(77, 25, 'confirmed', 'Status updated to confirmed by seller.', 7, '2025-09-14 03:58:42'),
(78, 25, 'processing', 'Status updated to processing by seller.', 7, '2025-09-14 03:58:52'),
(79, 25, 'pending', 'Status updated to pending by seller.', 7, '2025-09-14 03:58:53'),
(80, 25, 'confirmed', 'Status updated to confirmed by seller.', 7, '2025-09-14 03:58:58'),
(81, 25, 'confirmed', 'Status updated to confirmed by seller.', 7, '2025-09-14 04:00:57'),
(82, 25, 'confirmed', 'Status updated to confirmed by seller.', 7, '2025-09-14 04:01:46'),
(83, 23, 'pending', 'Status updated to pending by seller.', 7, '2025-09-14 04:01:59'),
(84, 23, 'confirmed', 'Status updated to confirmed by seller.', 7, '2025-09-14 04:02:28'),
(85, 25, 'processing', 'Status updated to processing by seller.', 7, '2025-09-14 04:03:07'),
(86, 25, 'pending', 'Status updated to pending by seller.', 7, '2025-09-14 04:03:09'),
(87, 25, 'pending', 'Status updated to pending by seller.', 7, '2025-09-14 04:37:22'),
(88, 25, 'pending', 'Status updated to pending by seller.', 7, '2025-09-14 04:37:34'),
(89, 23, 'delivered', 'Status updated to delivered by seller.', 7, '2025-09-14 04:37:35'),
(90, 23, 'pending', 'Status updated to pending by seller.', 7, '2025-09-14 04:37:38'),
(91, 23, 'confirmed', 'Status updated to confirmed by seller.', 7, '2025-09-14 04:37:40'),
(92, 23, 'confirmed', 'Status updated to confirmed by seller.', 7, '2025-09-14 04:40:21'),
(93, 23, 'processing', 'Status updated to processing by seller.', 7, '2025-09-14 04:40:27'),
(94, 24, 'pending', 'Status updated to pending by seller.', 7, '2025-09-14 04:40:31'),
(95, 23, 'pending', 'Status updated to pending by seller.', 7, '2025-09-14 04:40:38'),
(96, 23, 'pending', 'Status updated to pending by seller.', 7, '2025-09-14 04:41:50'),
(97, 23, 'confirmed', 'Status updated to confirmed by seller.', 7, '2025-09-14 04:41:56'),
(98, 13, 'processing', 'Status updated to processing by seller.', 7, '2025-09-14 04:43:42'),
(99, 13, 'pending', 'Status updated to pending by seller.', 7, '2025-09-14 04:43:46'),
(100, 17, 'processing', 'Status updated to processing by seller.', 7, '2025-09-14 04:43:51'),
(101, 14, 'pending', 'Status updated to pending by seller.', 7, '2025-09-14 04:44:07'),
(102, 19, 'confirmed', 'Status updated to confirmed by seller.', 7, '2025-09-14 04:44:14'),
(103, 19, 'confirmed', 'Status updated to confirmed by seller.', 7, '2025-09-14 04:48:44'),
(104, 23, 'shipped', 'Status updated to shipped by seller.', 7, '2025-09-14 04:48:52'),
(105, 23, 'pending', 'Status updated to pending by seller.', 7, '2025-09-14 04:48:55'),
(106, 23, 'confirmed', 'Status updated to confirmed by seller.', 7, '2025-09-14 04:49:00'),
(107, 23, 'confirmed', 'Status updated to confirmed by seller.', 7, '2025-09-14 04:55:03'),
(108, 23, 'shipped', 'Status updated to shipped by seller.', 7, '2025-09-14 04:55:14'),
(109, 23, 'pending', 'Status updated to pending by seller.', 7, '2025-09-14 04:55:19'),
(110, 23, 'confirmed', 'Status updated to confirmed by seller.', 7, '2025-09-14 04:55:24'),
(111, 25, 'confirmed', 'Status updated to confirmed by seller.', 7, '2025-09-14 04:57:45'),
(112, 24, 'confirmed', 'Status updated to confirmed by seller.', 7, '2025-09-14 04:57:48'),
(113, 24, 'confirmed', 'Status updated to confirmed by seller.', 7, '2025-09-14 04:59:27'),
(114, 25, 'delivered', 'Status updated to delivered by seller.', 7, '2025-09-14 04:59:35'),
(115, 25, 'pending', 'Status updated to pending by seller.', 7, '2025-09-14 04:59:36'),
(116, 25, 'confirmed', 'Status updated to confirmed by seller.', 7, '2025-09-14 04:59:38'),
(117, 25, 'confirmed', 'Status updated to confirmed by seller.', 7, '2025-09-14 05:01:28'),
(118, 25, 'confirmed', 'Status updated to confirmed by seller.', 7, '2025-09-14 05:01:43'),
(119, 25, 'processing', 'Status updated to processing by seller.', 7, '2025-09-14 05:01:51'),
(120, 25, 'pending', 'Status updated to pending by seller.', 7, '2025-09-14 05:01:52'),
(121, 25, 'confirmed', 'Status updated to confirmed by seller.', 7, '2025-09-14 05:01:56'),
(122, 22, 'pending', 'Status updated to pending by seller.', 7, '2025-09-14 05:02:21'),
(123, 23, 'confirmed', 'Status updated to confirmed by seller.', 7, '2025-09-14 05:02:24'),
(124, 23, 'processing', 'Status updated to processing by seller.', 7, '2025-09-14 05:02:43'),
(125, 22, 'confirmed', 'Status updated to confirmed by seller.', 7, '2025-09-14 05:03:20'),
(126, 22, 'confirmed', 'Status updated to confirmed by seller.', 7, '2025-09-14 05:05:00'),
(127, 26, 'pending', 'Status updated to pending by seller.', 7, '2025-09-14 05:06:38'),
(128, 26, 'confirmed', 'Status updated to confirmed by seller.', 7, '2025-09-14 05:06:46'),
(129, 26, 'pending', 'Status updated to pending by seller.', 7, '2025-09-14 05:07:01'),
(130, 26, 'processing', 'Status updated to processing by seller.', 7, '2025-09-14 05:07:13'),
(131, 25, 'pending', 'Status updated to pending by seller.', 7, '2025-09-14 05:07:20'),
(132, 25, 'pending', 'Status updated to pending by seller.', 7, '2025-09-14 05:08:48'),
(133, 25, 'processing', 'Status updated to processing by seller.', 7, '2025-09-14 05:09:56'),
(134, 25, 'processing', 'Status updated to processing by seller.', 7, '2025-09-14 05:13:43'),
(135, 26, 'pending', 'Status updated to pending by seller.', 7, '2025-09-14 05:13:52'),
(136, 26, 'processing', 'Status updated to processing by seller. Order automatically confirmed.', 7, '2025-09-14 05:13:57'),
(137, 24, 'pending', 'Status updated to pending by seller.', 7, '2025-09-14 05:14:49'),
(138, 24, 'pending', 'Status updated to pending by seller.', 7, '2025-09-14 05:14:59'),
(139, 12, 'pending', 'Status updated to pending by seller.', 7, '2025-09-16 18:24:33'),
(140, 22, 'cancelled', 'Status updated to cancelled by seller.', 7, '2025-09-16 18:24:37'),
(141, 19, 'cancelled', 'Status updated to cancelled by seller.', 7, '2025-09-16 18:24:41'),
(142, 26, 'pending', 'Status updated to pending by seller.', 7, '2025-09-16 18:40:57'),
(143, 25, 'pending', 'Status updated to pending by seller.', 7, '2025-09-16 18:41:00'),
(144, 27, 'processing', 'Status updated to processing by seller. Order automatically confirmed.', 7, '2025-09-16 23:59:14'),
(145, 27, 'pending', 'Status updated to pending by seller.', 7, '2025-09-17 11:25:56'),
(146, 27, 'processing', 'Status updated to processing by seller. Order automatically confirmed.', 7, '2025-09-17 11:26:02'),
(147, 27, 'pending', 'Status updated to pending by seller.', 7, '2025-09-17 11:29:45'),
(148, 27, 'pending', 'Status updated to pending by seller.', 7, '2025-09-17 11:43:13'),
(149, 27, 'pending', 'Status updated to pending by seller.', 7, '2025-09-17 11:43:25'),
(150, 15, 'pending', 'Status updated to pending by seller.', 7, '2025-09-17 11:43:31'),
(151, 27, 'processing', 'Status updated to processing by seller. Order automatically confirmed.', 7, '2025-09-17 11:43:48'),
(152, 27, 'processing', 'Status updated to processing by seller.', 7, '2025-09-17 11:44:22'),
(153, 27, 'processing', 'Status updated to processing by seller.', 7, '2025-09-17 11:44:52'),
(154, 27, 'processing', 'Status updated to processing by seller.', 7, '2025-09-17 11:45:23'),
(155, 28, 'cancelled', 'Order cancelled by customer within grace period', 9, '2025-09-17 16:26:39'),
(156, 28, 'pending', 'Status updated to pending by seller.', 7, '2025-09-17 16:30:27'),
(157, 28, 'pending', 'Status updated to pending by seller.', 7, '2025-09-17 16:30:58'),
(158, 28, 'pending', 'Status updated to pending by seller.', 7, '2025-09-17 16:31:29'),
(159, 28, 'cancelled', 'Order cancelled by customer within grace period', 9, '2025-09-17 16:31:46'),
(160, 28, 'pending', 'Status updated to pending by seller.', 7, '2025-09-17 16:32:00'),
(161, 28, 'pending', 'Status updated to pending by seller.', 7, '2025-09-17 16:32:31'),
(162, 28, 'pending', 'Status updated to pending by seller.', 7, '2025-09-17 16:33:02'),
(163, 28, 'pending', 'Status updated to pending by seller.', 7, '2025-09-17 16:33:33'),
(164, 28, 'pending', 'Status updated to pending by seller.', 7, '2025-09-17 16:34:04'),
(165, 28, 'pending', 'Status updated to pending by seller.', 7, '2025-09-17 16:34:35'),
(166, 28, 'pending', 'Status updated to pending by seller.', 7, '2025-09-17 16:35:06'),
(167, 28, 'pending', 'Status updated to pending by seller.', 7, '2025-09-17 16:35:37'),
(168, 9, 'pending', 'Initial status: pending (migrated from existing data)', 3, '2025-09-03 13:55:51'),
(169, 10, 'pending', 'Initial status: pending (migrated from existing data)', 3, '2025-09-05 13:08:39'),
(170, 11, 'pending', 'Initial status: pending (migrated from existing data)', 3, '2025-09-05 13:08:59'),
(171, 16, 'pending', 'Initial status: pending (migrated from existing data)', 8, '2025-09-13 11:40:31'),
(172, 20, 'pending', 'Initial status: pending (migrated from existing data)', 7, '2025-09-13 15:35:11'),
(173, 28, 'processing', 'Status changed from pending to processing', 9, '2025-09-18 00:49:23'),
(174, 28, 'processing', 'Status updated to processing by seller. Order automatically confirmed.', 7, '2025-09-18 00:49:23'),
(175, 28, 'processing', 'Status updated to processing by seller.', 7, '2025-09-18 00:49:57'),
(176, 28, 'processing', 'Status updated to processing by seller.', 7, '2025-09-18 00:50:28'),
(177, 28, 'processing', 'Status updated to processing by seller.', 7, '2025-09-18 00:50:59'),
(178, 28, 'processing', 'Status updated to processing by seller.', 7, '2025-09-18 00:51:30'),
(179, 28, 'processing', 'Status updated to processing by seller.', 7, '2025-09-18 00:52:01'),
(180, 28, 'processing', 'Status updated to processing by seller.', 7, '2025-09-18 00:52:32'),
(181, 28, 'processing', 'Status updated to processing by seller.', 7, '2025-09-18 00:53:03'),
(182, 28, 'processing', 'Status updated to processing by seller.', 7, '2025-09-18 00:53:34'),
(183, 28, 'processing', 'Status updated to processing by seller.', 7, '2025-09-18 00:53:45'),
(184, 28, 'processing', 'Status updated to processing by seller.', 7, '2025-09-18 00:54:04'),
(185, 29, 'pending', 'Initial status: pending (migrated from existing data)', 9, '2025-09-18 00:47:15'),
(186, 30, 'pending', 'Initial status: pending (migrated from existing data)', 7, '2025-09-18 00:54:16'),
(187, 31, 'pending', 'Initial status: pending (migrated from existing data)', 9, '2025-09-18 00:54:59'),
(188, 32, 'pending', 'Initial status: pending (migrated from existing data)', 9, '2025-09-18 01:00:37'),
(192, 32, 'processing', 'Status changed from pending to processing', 9, '2025-09-18 11:13:02'),
(193, 32, 'processing', 'Status updated to processing by seller. Order automatically confirmed.', 7, '2025-09-18 11:13:02'),
(194, 32, 'processing', 'Status updated to processing by seller.', 7, '2025-09-18 11:13:36'),
(195, 32, 'processing', 'Status updated to processing by seller.', 7, '2025-09-18 11:14:07'),
(196, 32, 'processing', 'Status updated to processing by seller.', 7, '2025-09-18 11:14:38'),
(197, 32, 'processing', 'Status updated to processing by seller.', 7, '2025-09-18 11:15:09'),
(198, 32, 'processing', 'Status updated to processing by seller.', 7, '2025-09-18 11:15:40'),
(199, 32, 'processing', 'Status updated to processing by seller.', 7, '2025-09-18 11:16:11'),
(200, 32, 'processing', 'Status updated to processing by seller.', 7, '2025-09-18 11:16:42'),
(201, 32, 'processing', 'Status updated to processing by seller.', 7, '2025-09-18 11:17:13'),
(202, 32, 'processing', 'Status updated to processing by seller.', 7, '2025-09-18 11:17:44'),
(203, 32, 'processing', 'Status updated to processing by seller.', 7, '2025-09-18 11:17:49'),
(204, 32, 'processing', 'Status updated to processing by seller.', 7, '2025-09-18 11:18:19'),
(205, 32, 'processing', 'Status updated to processing by seller.', 7, '2025-09-18 11:18:49'),
(206, 33, 'processing', 'Status changed from pending to processing', 9, '2025-09-18 11:19:17'),
(207, 33, 'processing', 'Status updated to processing by seller. Order automatically confirmed.', 7, '2025-09-18 11:19:17'),
(208, 32, 'processing', 'Status updated to processing by seller.', 7, '2025-09-18 11:19:25'),
(209, 32, 'processing', 'Status updated to processing by seller.', 7, '2025-09-18 11:19:51'),
(210, 34, 'processing', 'Status changed from pending to processing', 9, '2025-09-18 11:19:53'),
(211, 34, 'processing', 'Status updated to processing by seller. Order automatically confirmed.', 7, '2025-09-18 11:19:53'),
(212, 34, 'processing', 'Status updated to processing by seller.', 7, '2025-09-18 11:20:29'),
(213, 34, 'processing', 'Status updated to processing by seller.', 7, '2025-09-18 11:21:00'),
(214, 34, 'processing', 'Status updated to processing by seller.', 7, '2025-09-18 11:21:31'),
(215, 34, 'processing', 'Status updated to processing by seller.', 7, '2025-09-18 11:22:02'),
(216, 34, 'processing', 'Status updated to processing by seller.', 7, '2025-09-18 11:22:33'),
(217, 34, 'processing', 'Status updated to processing by seller.', 7, '2025-09-18 11:23:04'),
(218, 34, 'processing', 'Status updated to processing by seller.', 7, '2025-09-18 11:23:35'),
(219, 34, 'processing', 'Status updated to processing by seller.', 7, '2025-09-18 11:24:06'),
(220, 34, 'processing', 'Status updated to processing by seller.', 7, '2025-09-18 11:24:37'),
(221, 34, 'processing', 'Status updated to processing by seller.', 7, '2025-09-18 11:25:08'),
(222, 34, 'processing', 'Status updated to processing by seller.', 7, '2025-09-18 11:25:38'),
(223, 34, 'processing', 'Status updated to processing by seller.', 7, '2025-09-18 11:25:40'),
(224, 34, 'processing', 'Status updated to processing by seller.', 7, '2025-09-18 11:26:11'),
(225, 34, 'processing', 'Status updated to processing by seller.', 7, '2025-09-18 11:26:42'),
(226, 34, 'processing', 'Status updated to processing by seller.', 7, '2025-09-18 11:27:13'),
(227, 34, 'processing', 'Status updated to processing by seller.', 7, '2025-09-18 11:27:44'),
(228, 34, 'processing', 'Status updated to processing by seller.', 7, '2025-09-18 11:28:15'),
(229, 34, 'processing', 'Status updated to processing by seller.', 7, '2025-09-18 11:28:46'),
(230, 34, 'processing', 'Status updated to processing by seller.', 7, '2025-09-18 11:29:17'),
(231, 34, 'processing', 'Status updated to processing by seller.', 7, '2025-09-18 11:29:48'),
(232, 34, 'processing', 'Status updated to processing by seller.', 7, '2025-09-18 11:30:19'),
(233, 34, 'processing', 'Status updated to processing by seller.', 7, '2025-09-18 11:30:50'),
(234, 34, 'processing', 'Status updated to processing by seller.', 7, '2025-09-18 11:31:21'),
(235, 34, 'processing', 'Status updated to processing by seller.', 7, '2025-09-18 11:31:52'),
(236, 34, 'processing', 'Status updated to processing by seller.', 7, '2025-09-18 11:32:23'),
(237, 34, 'processing', 'Status updated to processing by seller.', 7, '2025-09-18 11:32:54'),
(238, 34, 'processing', 'Status updated to processing by seller.', 7, '2025-09-18 11:33:25'),
(239, 34, 'processing', 'Status updated to processing by seller.', 7, '2025-09-18 11:33:56'),
(240, 34, 'processing', 'Status updated to processing by seller.', 7, '2025-09-18 11:34:27'),
(241, 34, 'processing', 'Status updated to processing by seller.', 7, '2025-09-18 11:34:58'),
(242, 34, 'processing', 'Status updated to processing by seller.', 7, '2025-09-18 11:35:29'),
(243, 34, 'processing', 'Status updated to processing by seller.', 7, '2025-09-18 11:36:00'),
(244, 34, 'processing', 'Status updated to processing by seller.', 7, '2025-09-18 11:36:32'),
(245, 34, 'processing', 'Status updated to processing by seller.', 7, '2025-09-18 11:37:03'),
(246, 34, 'processing', 'Status updated to processing by seller.', 7, '2025-09-18 11:37:34'),
(247, 34, 'processing', 'Status updated to processing by seller.', 7, '2025-09-18 11:38:05'),
(248, 34, 'processing', 'Status updated to processing by seller.', 7, '2025-09-18 11:38:36'),
(249, 34, 'processing', 'Status updated to processing by seller.', 7, '2025-09-18 11:39:07'),
(250, 34, 'processing', 'Status updated to processing by seller.', 7, '2025-09-18 11:39:38'),
(251, 34, 'processing', 'Status updated to processing by seller.', 7, '2025-09-18 11:40:09'),
(252, 34, 'processing', 'Status updated to processing by seller.', 7, '2025-09-18 11:40:40'),
(253, 34, 'processing', 'Status updated to processing by seller.', 7, '2025-09-18 11:41:11'),
(254, 34, 'processing', 'Status updated to processing by seller.', 7, '2025-09-18 11:41:42'),
(255, 34, 'processing', 'Status updated to processing by seller.', 7, '2025-09-18 11:42:13'),
(256, 34, 'processing', 'Status updated to processing by seller.', 7, '2025-09-18 11:42:44'),
(257, 34, 'processing', 'Status updated to processing by seller.', 7, '2025-09-18 11:43:15'),
(258, 34, 'processing', 'Status updated to processing by seller.', 7, '2025-09-18 11:43:46'),
(259, 34, 'processing', 'Status updated to processing by seller.', 7, '2025-09-18 11:44:17'),
(260, 34, 'processing', 'Status updated to processing by seller.', 7, '2025-09-18 11:44:48'),
(261, 34, 'processing', 'Status updated to processing by seller.', 7, '2025-09-18 11:45:19'),
(262, 34, 'processing', 'Status updated to processing by seller.', 7, '2025-09-18 11:45:50'),
(263, 34, 'processing', 'Status updated to processing by seller.', 7, '2025-09-18 11:46:21'),
(264, 34, 'processing', 'Status updated to processing by seller.', 7, '2025-09-18 11:46:52'),
(265, 34, 'processing', 'Status updated to processing by seller.', 7, '2025-09-18 11:54:55'),
(266, 34, 'processing', 'Status updated to processing by seller.', 7, '2025-09-18 11:55:16'),
(267, 34, 'processing', 'Status updated to processing by seller.', 7, '2025-09-18 11:55:46'),
(268, 34, 'processing', 'Status updated to processing by seller.', 7, '2025-09-18 11:56:06'),
(269, 34, 'processing', 'Status updated to processing by seller.', 7, '2025-09-18 11:56:36'),
(270, 34, 'processing', 'Status updated to processing by seller.', 7, '2025-09-18 11:57:06'),
(271, 34, 'processing', 'Status updated to processing by seller.', 7, '2025-09-18 11:57:36'),
(272, 34, 'processing', 'Status updated to processing by seller.', 7, '2025-09-18 11:58:06'),
(273, 34, 'processing', 'Status updated to processing by seller.', 7, '2025-09-18 11:58:36'),
(274, 34, 'processing', 'Status updated to processing by seller.', 7, '2025-09-18 11:59:06'),
(275, 34, 'processing', 'Status updated to processing by seller.', 7, '2025-09-18 11:59:36'),
(276, 34, 'processing', 'Status updated to processing by seller.', 7, '2025-09-18 12:00:06'),
(277, 34, 'processing', 'Status updated to processing by seller.', 7, '2025-09-18 12:00:36'),
(278, 34, 'processing', 'Status updated to processing by seller.', 7, '2025-09-18 12:01:07'),
(279, 34, 'processing', 'Status updated to processing by seller.', 7, '2025-09-18 12:01:37'),
(280, 34, 'processing', 'Status updated to processing by seller.', 7, '2025-09-18 12:02:08'),
(281, 34, 'processing', 'Status updated to processing by seller.', 7, '2025-09-18 12:02:39'),
(282, 34, 'processing', 'Status updated to processing by seller.', 7, '2025-09-18 12:03:10'),
(283, 34, 'processing', 'Status updated to processing by seller.', 7, '2025-09-18 12:03:41'),
(284, 34, 'processing', 'Status updated to processing by seller.', 7, '2025-09-18 12:04:12'),
(285, 34, 'processing', 'Status updated to processing by seller.', 7, '2025-09-18 12:04:43'),
(286, 34, 'processing', 'Status updated to processing by seller.', 7, '2025-09-18 12:05:14'),
(287, 34, 'processing', 'Status updated to processing by seller.', 7, '2025-09-18 12:05:45'),
(288, 34, 'processing', 'Status updated to processing by seller.', 7, '2025-09-18 12:06:16'),
(289, 34, 'processing', 'Status updated to processing by seller.', 7, '2025-09-18 12:06:47'),
(290, 34, 'processing', 'Status updated to processing by seller.', 7, '2025-09-18 12:07:18'),
(291, 34, 'processing', 'Status updated to processing by seller.', 7, '2025-09-18 12:07:49'),
(292, 34, 'processing', 'Status updated to processing by seller.', 7, '2025-09-18 12:08:20'),
(293, 34, 'processing', 'Status updated to processing by seller.', 7, '2025-09-18 12:08:51'),
(294, 34, 'processing', 'Status updated to processing by seller.', 7, '2025-09-18 12:09:22'),
(295, 34, 'processing', 'Status updated to processing by seller.', 7, '2025-09-18 12:09:53'),
(296, 34, 'processing', 'Status updated to processing by seller.', 7, '2025-09-18 12:10:24'),
(297, 34, 'processing', 'Status updated to processing by seller.', 7, '2025-09-18 12:10:55'),
(298, 34, 'processing', 'Status updated to processing by seller.', 7, '2025-09-18 12:28:22'),
(299, 34, 'processing', 'Status updated to processing by seller.', 7, '2025-09-18 12:28:52'),
(300, 34, 'processing', 'Status updated to processing by seller.', 7, '2025-09-18 12:29:22'),
(301, 34, 'processing', 'Status updated to processing by seller.', 7, '2025-09-18 12:29:53'),
(302, 34, 'processing', 'Status updated to processing by seller.', 7, '2025-09-18 12:30:23'),
(303, 34, 'processing', 'Status updated to processing by seller.', 7, '2025-09-18 12:30:53'),
(304, 34, 'processing', 'Status updated to processing by seller.', 7, '2025-09-18 12:31:23'),
(305, 34, 'processing', 'Status updated to processing by seller.', 7, '2025-09-18 12:31:53'),
(306, 34, 'processing', 'Status updated to processing by seller.', 7, '2025-09-18 12:32:23'),
(307, 34, 'processing', 'Status updated to processing by seller.', 7, '2025-09-18 12:32:53'),
(308, 34, 'processing', 'Status updated to processing by seller.', 7, '2025-09-18 12:33:23'),
(309, 34, 'processing', 'Status updated to processing by seller.', 7, '2025-09-18 12:33:54'),
(310, 34, 'processing', 'Status updated to processing by seller.', 7, '2025-09-18 12:34:25'),
(311, 34, 'processing', 'Status updated to processing by seller.', 7, '2025-09-18 12:34:56'),
(312, 34, 'processing', 'Status updated to processing by seller.', 7, '2025-09-18 12:35:27'),
(313, 34, 'processing', 'Status updated to processing by seller.', 7, '2025-09-18 12:35:58'),
(314, 34, 'processing', 'Status updated to processing by seller.', 7, '2025-09-18 12:36:29'),
(315, 34, 'processing', 'Status updated to processing by seller.', 7, '2025-09-18 12:37:00'),
(316, 34, 'processing', 'Status updated to processing by seller.', 7, '2025-09-18 12:37:31'),
(317, 34, 'processing', 'Status updated to processing by seller.', 7, '2025-09-18 12:38:02'),
(318, 34, 'processing', 'Status updated to processing by seller.', 7, '2025-09-18 12:38:32'),
(319, 34, 'processing', 'Status updated to processing by seller.', 7, '2025-09-18 12:39:02'),
(320, 34, 'processing', 'Status updated to processing by seller.', 7, '2025-09-18 12:39:32'),
(321, 34, 'processing', 'Status updated to processing by seller.', 7, '2025-09-18 12:40:02'),
(322, 34, 'processing', 'Status updated to processing by seller.', 7, '2025-09-18 12:40:32'),
(323, 34, 'processing', 'Status updated to processing by seller.', 7, '2025-09-18 12:41:02'),
(324, 34, 'processing', 'Status updated to processing by seller.', 7, '2025-09-18 12:41:32'),
(325, 34, 'processing', 'Status updated to processing by seller.', 7, '2025-09-18 12:42:03'),
(326, 34, 'processing', 'Status updated to processing by seller.', 7, '2025-09-18 12:42:33'),
(327, 34, 'processing', 'Status updated to processing by seller.', 7, '2025-09-18 12:43:03'),
(328, 34, 'processing', 'Status updated to processing by seller.', 7, '2025-09-18 12:43:33'),
(329, 34, 'processing', 'Status updated to processing by seller.', 7, '2025-09-18 12:44:04'),
(330, 34, 'processing', 'Status updated to processing by seller.', 7, '2025-09-18 12:44:35'),
(331, 34, 'processing', 'Status updated to processing by seller.', 7, '2025-09-18 12:45:06'),
(332, 34, 'processing', 'Status updated to processing by seller.', 7, '2025-09-18 12:45:37'),
(333, 34, 'processing', 'Status updated to processing by seller.', 7, '2025-09-18 12:46:08'),
(334, 34, 'processing', 'Status updated to processing by seller.', 7, '2025-09-18 12:46:39'),
(335, 34, 'processing', 'Status updated to processing by seller.', 7, '2025-09-18 12:47:10'),
(336, 34, 'processing', 'Status updated to processing by seller.', 7, '2025-09-18 12:47:41'),
(337, 34, 'processing', 'Status updated to processing by seller.', 7, '2025-09-18 12:48:12'),
(338, 34, 'processing', 'Status updated to processing by seller.', 7, '2025-09-18 12:48:43'),
(339, 34, 'processing', 'Status updated to processing by seller.', 7, '2025-09-18 12:49:14'),
(340, 34, 'processing', 'Status updated to processing by seller.', 7, '2025-09-18 12:49:45'),
(341, 34, 'processing', 'Status updated to processing by seller.', 7, '2025-09-18 12:50:16'),
(342, 34, 'processing', 'Status updated to processing by seller.', 7, '2025-09-18 12:50:47'),
(343, 34, 'processing', 'Status updated to processing by seller.', 7, '2025-09-18 12:51:18'),
(344, 34, 'processing', 'Status updated to processing by seller.', 7, '2025-09-18 12:51:49'),
(345, 34, 'processing', 'Status updated to processing by seller.', 7, '2025-09-18 12:52:20'),
(346, 34, 'processing', 'Status updated to processing by seller.', 7, '2025-09-18 12:52:51'),
(347, 34, 'processing', 'Status updated to processing by seller.', 7, '2025-09-18 13:11:48'),
(348, 34, 'processing', 'Status updated to processing by seller.', 7, '2025-09-18 13:12:19'),
(349, 34, 'processing', 'Status updated to processing by seller.', 7, '2025-09-18 13:12:50'),
(350, 34, 'processing', 'Status updated to processing by seller.', 7, '2025-09-18 13:13:21'),
(351, 34, 'processing', 'Status updated to processing by seller.', 7, '2025-09-18 13:13:52'),
(352, 34, 'processing', 'Status updated to processing by seller.', 7, '2025-09-18 13:14:23'),
(353, 34, 'processing', 'Status updated to processing by seller.', 7, '2025-09-18 13:14:32'),
(354, 34, 'processing', 'Status updated to processing by seller.', 7, '2025-09-18 13:15:02'),
(355, 34, 'processing', 'Status updated to processing by seller.', 7, '2025-09-18 13:15:32'),
(356, 34, 'processing', 'Status updated to processing by seller.', 7, '2025-09-18 13:15:40'),
(357, 34, 'processing', 'Status updated to processing by seller.', 7, '2025-09-18 13:16:10'),
(358, 34, 'processing', 'Status updated to processing by seller.', 7, '2025-09-18 13:16:40'),
(359, 34, 'processing', 'Status updated to processing by seller.', 7, '2025-09-18 13:17:10'),
(360, 34, 'processing', 'Status updated to processing by seller.', 7, '2025-09-18 13:17:40'),
(361, 34, 'processing', 'Status updated to processing by seller.', 7, '2025-09-18 13:18:10'),
(362, 34, 'processing', 'Status updated to processing by seller.', 7, '2025-09-18 13:18:40'),
(363, 34, 'processing', 'Status updated to processing by seller.', 7, '2025-09-18 13:19:10'),
(364, 34, 'processing', 'Status updated to processing by seller.', 7, '2025-09-18 13:19:40'),
(365, 34, 'processing', 'Status updated to processing by seller.', 7, '2025-09-18 13:20:10'),
(366, 34, 'processing', 'Status updated to processing by seller.', 7, '2025-09-18 13:20:41'),
(367, 34, 'processing', 'Status updated to processing by seller.', 7, '2025-09-18 13:21:11'),
(368, 34, 'processing', 'Status updated to processing by seller.', 7, '2025-09-18 13:21:41'),
(369, 34, 'processing', 'Status updated to processing by seller.', 7, '2025-09-18 13:22:11'),
(370, 34, 'processing', 'Status updated to processing by seller.', 7, '2025-09-18 13:22:42'),
(371, 34, 'processing', 'Status updated to processing by seller.', 7, '2025-09-18 13:23:13'),
(372, 34, 'processing', 'Status updated to processing by seller.', 7, '2025-09-18 13:23:44'),
(373, 34, 'processing', 'Status updated to processing by seller.', 7, '2025-09-18 13:24:15'),
(374, 34, 'processing', 'Status updated to processing by seller.', 7, '2025-09-18 13:24:46'),
(375, 34, 'processing', 'Status updated to processing by seller.', 7, '2025-09-18 13:25:17'),
(376, 34, 'processing', 'Status updated to processing by seller.', 7, '2025-09-18 13:25:48'),
(377, 34, 'processing', 'Status updated to processing by seller.', 7, '2025-09-18 13:26:19'),
(378, 34, 'processing', 'Status updated to processing by seller.', 7, '2025-09-18 13:26:50'),
(379, 34, 'processing', 'Status updated to processing by seller.', 7, '2025-09-18 13:27:21'),
(380, 34, 'processing', 'Status updated to processing by seller.', 7, '2025-09-18 13:27:52'),
(381, 34, 'processing', 'Status updated to processing by seller.', 7, '2025-09-18 13:28:23'),
(382, 34, 'processing', 'Status updated to processing by seller.', 7, '2025-09-18 13:28:54'),
(383, 34, 'processing', 'Status updated to processing by seller.', 7, '2025-09-18 13:29:25'),
(384, 34, 'processing', 'Status updated to processing by seller.', 7, '2025-09-18 13:29:56'),
(385, 34, 'processing', 'Status updated to processing by seller.', 7, '2025-09-18 13:30:27'),
(386, 34, 'processing', 'Status updated to processing by seller.', 7, '2025-09-18 13:30:58'),
(387, 34, 'processing', 'Status updated to processing by seller.', 7, '2025-09-18 13:31:29'),
(388, 34, 'processing', 'Status updated to processing by seller.', 7, '2025-09-18 13:32:00'),
(389, 34, 'processing', 'Status updated to processing by seller.', 7, '2025-09-18 14:46:30'),
(390, 34, 'processing', 'Status updated to processing by seller.', 7, '2025-09-18 14:47:00'),
(391, 34, 'processing', 'Status updated to processing by seller.', 7, '2025-09-18 14:47:30'),
(392, 34, 'processing', 'Status updated to processing by seller.', 7, '2025-09-18 14:48:01'),
(393, 34, 'processing', 'Status updated to processing by seller.', 7, '2025-09-18 14:48:32'),
(394, 34, 'processing', 'Status updated to processing by seller.', 7, '2025-09-18 14:49:03'),
(395, 34, 'processing', 'Status updated to processing by seller.', 7, '2025-09-18 14:49:34'),
(396, 34, 'processing', 'Status updated to processing by seller.', 7, '2025-09-18 14:50:05'),
(397, 34, 'processing', 'Status updated to processing by seller.', 7, '2025-09-18 14:50:36'),
(398, 34, 'processing', 'Status updated to processing by seller.', 7, '2025-09-18 14:51:07'),
(399, 34, 'processing', 'Status updated to processing by seller.', 7, '2025-09-18 14:51:38'),
(400, 34, 'processing', 'Status updated to processing by seller.', 7, '2025-09-18 14:52:09'),
(401, 34, 'processing', 'Status updated to processing by seller.', 7, '2025-09-18 14:52:40'),
(402, 34, 'processing', 'Status updated to processing by seller.', 7, '2025-09-18 14:53:11'),
(403, 34, 'processing', 'Status updated to processing by seller.', 7, '2025-09-18 14:53:42'),
(404, 34, 'processing', 'Status updated to processing by seller.', 7, '2025-09-18 14:54:13'),
(405, 34, 'processing', 'Status updated to processing by seller.', 7, '2025-09-18 14:54:44'),
(406, 34, 'processing', 'Status updated to processing by seller.', 7, '2025-09-18 14:55:15'),
(407, 34, 'processing', 'Status updated to processing by seller.', 7, '2025-09-18 14:55:46'),
(408, 34, 'processing', 'Status updated to processing by seller.', 7, '2025-09-18 14:56:17'),
(409, 34, 'processing', 'Status updated to processing by seller.', 7, '2025-09-18 14:56:48'),
(410, 34, 'processing', 'Status updated to processing by seller.', 7, '2025-09-18 14:57:19'),
(411, 34, 'processing', 'Status updated to processing by seller.', 7, '2025-09-18 14:57:50'),
(412, 34, 'processing', 'Status updated to processing by seller.', 7, '2025-09-18 14:58:21'),
(413, 34, 'processing', 'Status updated to processing by seller.', 7, '2025-09-18 14:58:52'),
(414, 34, 'processing', 'Status updated to processing by seller.', 7, '2025-09-18 14:59:23'),
(415, 34, 'processing', 'Status updated to processing by seller.', 7, '2025-09-18 14:59:54'),
(416, 34, 'processing', 'Status updated to processing by seller.', 7, '2025-09-18 15:00:25'),
(417, 34, 'processing', 'Status updated to processing by seller.', 7, '2025-09-18 15:00:56'),
(418, 34, 'processing', 'Status updated to processing by seller.', 7, '2025-09-18 15:01:27'),
(419, 34, 'processing', 'Status updated to processing by seller.', 7, '2025-09-18 15:01:58'),
(420, 34, 'processing', 'Status updated to processing by seller.', 7, '2025-09-18 15:02:29'),
(421, 34, 'processing', 'Status updated to processing by seller.', 7, '2025-09-18 15:03:00'),
(422, 34, 'processing', 'Status updated to processing by seller.', 7, '2025-09-18 15:03:31'),
(423, 34, 'processing', 'Status updated to processing by seller.', 7, '2025-09-18 15:04:03'),
(424, 34, 'processing', 'Status updated to processing by seller.', 7, '2025-09-18 15:04:34'),
(425, 34, 'processing', 'Status updated to processing by seller.', 7, '2025-09-18 15:05:05'),
(427, 34, 'processing', 'Status updated to processing by seller.', 7, '2025-09-18 15:05:36'),
(428, 34, 'processing', 'Status updated to processing by seller.', 7, '2025-09-18 15:06:07'),
(429, 34, 'processing', 'Status updated to processing by seller.', 7, '2025-09-18 15:06:38'),
(430, 34, 'processing', 'Status updated to processing by seller.', 7, '2025-09-18 15:07:09'),
(431, 34, 'processing', 'Status updated to processing by seller.', 7, '2025-09-18 15:07:39'),
(432, 34, 'processing', 'Status updated to processing by seller.', 7, '2025-09-18 15:08:10'),
(433, 34, 'processing', 'Status updated to processing by seller.', 7, '2025-09-18 15:08:41'),
(434, 34, 'processing', 'Status updated to processing by seller.', 7, '2025-09-18 15:09:12'),
(435, 34, 'processing', 'Status updated to processing by seller.', 7, '2025-09-18 15:09:43'),
(436, 34, 'processing', 'Status updated to processing by seller.', 7, '2025-09-18 15:10:14'),
(437, 34, 'processing', 'Status updated to processing by seller.', 7, '2025-09-18 15:10:45'),
(438, 34, 'processing', 'Status updated to processing by seller.', 7, '2025-09-18 15:11:16'),
(439, 34, 'processing', 'Status updated to processing by seller.', 7, '2025-09-18 15:11:47'),
(440, 34, 'processing', 'Status updated to processing by seller.', 7, '2025-09-18 15:12:18'),
(441, 34, 'processing', 'Status updated to processing by seller.', 7, '2025-09-18 15:12:49'),
(442, 34, 'processing', 'Status updated to processing by seller.', 7, '2025-09-18 15:13:20'),
(443, 34, 'processing', 'Status updated to processing by seller.', 7, '2025-09-18 15:13:51'),
(444, 34, 'processing', 'Status updated to processing by seller.', 7, '2025-09-18 15:14:22'),
(445, 34, 'processing', 'Status updated to processing by seller.', 7, '2025-09-18 15:14:53'),
(446, 34, 'processing', 'Status updated to processing by seller.', 7, '2025-09-18 15:15:24'),
(447, 34, 'processing', 'Status updated to processing by seller.', 7, '2025-09-18 15:15:55'),
(448, 34, 'processing', 'Status updated to processing by seller.', 7, '2025-09-18 15:16:26'),
(449, 34, 'processing', 'Status updated to processing by seller.', 7, '2025-09-18 15:16:57'),
(450, 34, 'processing', 'Status updated to processing by seller.', 7, '2025-09-18 15:17:27'),
(451, 34, 'processing', 'Status updated to processing by seller.', 7, '2025-09-18 15:17:58'),
(452, 34, 'processing', 'Status updated to processing by seller.', 7, '2025-09-18 15:18:29'),
(453, 34, 'processing', 'Status updated to processing by seller.', 7, '2025-09-18 15:19:00'),
(454, 34, 'processing', 'Status updated to processing by seller.', 7, '2025-09-18 15:19:31'),
(455, 34, 'processing', 'Status updated to processing by seller.', 7, '2025-09-18 15:20:02'),
(456, 34, 'processing', 'Status updated to processing by seller.', 7, '2025-09-18 15:20:33'),
(457, 34, 'processing', 'Status updated to processing by seller.', 7, '2025-09-18 15:21:04'),
(458, 34, 'processing', 'Status updated to processing by seller.', 7, '2025-09-18 15:21:35'),
(459, 34, 'processing', 'Status updated to processing by seller.', 7, '2025-09-18 15:22:06'),
(460, 34, 'processing', 'Status updated to processing by seller.', 7, '2025-09-18 15:22:37'),
(461, 34, 'processing', 'Status updated to processing by seller.', 7, '2025-09-18 15:23:08'),
(462, 34, 'processing', 'Status updated to processing by seller.', 7, '2025-09-18 15:23:39'),
(463, 34, 'processing', 'Status updated to processing by seller.', 7, '2025-09-18 15:24:10'),
(464, 34, 'processing', 'Status updated to processing by seller.', 7, '2025-09-18 15:24:41'),
(465, 34, 'processing', 'Status updated to processing by seller.', 7, '2025-09-18 15:25:12'),
(466, 34, 'processing', 'Status updated to processing by seller.', 7, '2025-09-18 15:25:43'),
(467, 34, 'processing', 'Status updated to processing by seller.', 7, '2025-09-18 15:26:14'),
(468, 34, 'processing', 'Status updated to processing by seller.', 7, '2025-09-18 15:26:45'),
(469, 34, 'processing', 'Status updated to processing by seller.', 7, '2025-09-18 15:27:16'),
(470, 34, 'processing', 'Status updated to processing by seller.', 7, '2025-09-18 15:27:47'),
(471, 34, 'processing', 'Status updated to processing by seller.', 7, '2025-09-18 15:28:18'),
(472, 34, 'processing', 'Status updated to processing by seller.', 7, '2025-09-18 15:28:49'),
(473, 34, 'processing', 'Status updated to processing by seller.', 7, '2025-09-18 15:29:20'),
(474, 34, 'processing', 'Status updated to processing by seller.', 7, '2025-09-18 15:29:51'),
(475, 34, 'processing', 'Status updated to processing by seller.', 7, '2025-09-18 15:30:22'),
(476, 34, 'processing', 'Status updated to processing by seller.', 7, '2025-09-18 15:30:53'),
(477, 34, 'processing', 'Status updated to processing by seller.', 7, '2025-09-18 15:31:24'),
(478, 34, 'processing', 'Status updated to processing by seller.', 7, '2025-09-18 15:31:55'),
(479, 34, 'processing', 'Status updated to processing by seller.', 7, '2025-09-18 15:32:26'),
(480, 34, 'processing', 'Status updated to processing by seller.', 7, '2025-09-18 15:32:57'),
(481, 34, 'processing', 'Status updated to processing by seller.', 7, '2025-09-18 15:33:28'),
(482, 34, 'processing', 'Status updated to processing by seller.', 7, '2025-09-18 15:33:59'),
(483, 34, 'processing', 'Status updated to processing by seller.', 7, '2025-09-18 15:34:30'),
(484, 34, 'processing', 'Status updated to processing by seller.', 7, '2025-09-18 15:35:01'),
(485, 34, 'processing', 'Status updated to processing by seller.', 7, '2025-09-18 15:35:32'),
(486, 34, 'processing', 'Status updated to processing by seller.', 7, '2025-09-18 15:36:03'),
(487, 34, 'processing', 'Status updated to processing by seller.', 7, '2025-09-18 15:36:34'),
(488, 34, 'processing', 'Status updated to processing by seller.', 7, '2025-09-18 15:37:05'),
(489, 34, 'processing', 'Status updated to processing by seller.', 7, '2025-09-18 15:37:36'),
(490, 34, 'processing', 'Status updated to processing by seller.', 7, '2025-09-18 15:38:07'),
(491, 34, 'processing', 'Status updated to processing by seller.', 7, '2025-09-18 15:38:38'),
(492, 34, 'processing', 'Status updated to processing by seller.', 7, '2025-09-18 15:39:03'),
(493, 34, 'processing', 'Status updated to processing by seller.', 7, '2025-09-18 15:39:17'),
(494, 34, 'processing', 'Status updated to processing by seller.', 7, '2025-09-18 15:39:47'),
(495, 34, 'processing', 'Status updated to processing by seller.', 7, '2025-09-18 15:40:17'),
(496, 34, 'processing', 'Status updated to processing by seller.', 7, '2025-09-18 15:40:40'),
(497, 34, 'processing', 'Status updated to processing by seller.', 7, '2025-09-18 15:41:11'),
(498, 34, 'processing', 'Status updated to processing by seller.', 7, '2025-09-18 15:41:42'),
(499, 34, 'processing', 'Status updated to processing by seller.', 7, '2025-09-18 15:41:51'),
(500, 34, 'processing', 'Status updated to processing by seller.', 7, '2025-09-18 15:42:22'),
(501, 34, 'processing', 'Status updated to processing by seller.', 7, '2025-09-18 15:42:54'),
(502, 34, 'processing', 'Status updated to processing by seller.', 7, '2025-09-18 15:43:17'),
(503, 34, 'processing', 'Status updated to processing by seller.', 7, '2025-09-18 15:43:47'),
(504, 34, 'processing', 'Status updated to processing by seller.', 7, '2025-09-18 15:44:18'),
(505, 34, 'processing', 'Status updated to processing by seller.', 7, '2025-09-18 15:44:49'),
(506, 34, 'processing', 'Status updated to processing by seller.', 7, '2025-09-18 15:45:20'),
(507, 34, 'processing', 'Status updated to processing by seller.', 7, '2025-09-18 15:45:51'),
(508, 34, 'processing', 'Status updated to processing by seller.', 7, '2025-09-18 15:46:22'),
(509, 34, 'processing', 'Status updated to processing by seller.', 7, '2025-09-18 15:46:53'),
(510, 34, 'processing', 'Status updated to processing by seller.', 7, '2025-09-18 15:47:24'),
(511, 34, 'processing', 'Status updated to processing by seller.', 7, '2025-09-18 15:47:54'),
(512, 34, 'processing', 'Status updated to processing by seller.', 7, '2025-09-18 15:48:25'),
(513, 34, 'processing', 'Status updated to processing by seller.', 7, '2025-09-18 15:48:55'),
(514, 34, 'processing', 'Status updated to processing by seller.', 7, '2025-09-18 15:49:26'),
(515, 34, 'processing', 'Status updated to processing by seller.', 7, '2025-09-18 15:49:57'),
(516, 34, 'processing', 'Status updated to processing by seller.', 7, '2025-09-18 15:50:28'),
(517, 34, 'processing', 'Status updated to processing by seller.', 7, '2025-09-18 15:50:59'),
(518, 34, 'processing', 'Status updated to processing by seller.', 7, '2025-09-18 15:51:30'),
(519, 34, 'processing', 'Status updated to processing by seller.', 7, '2025-09-18 15:52:01'),
(520, 34, 'processing', 'Status updated to processing by seller.', 7, '2025-09-18 15:52:32'),
(521, 34, 'processing', 'Status updated to processing by seller.', 7, '2025-09-18 15:53:03'),
(522, 34, 'processing', 'Status updated to processing by seller.', 7, '2025-09-18 15:53:34'),
(523, 34, 'processing', 'Status updated to processing by seller.', 7, '2025-09-18 15:54:05'),
(524, 34, 'processing', 'Status updated to processing by seller.', 7, '2025-09-18 15:54:36'),
(525, 34, 'processing', 'Status updated to processing by seller.', 7, '2025-09-18 15:55:07'),
(526, 34, 'processing', 'Status updated to processing by seller.', 7, '2025-09-18 15:55:38'),
(527, 34, 'processing', 'Status updated to processing by seller.', 7, '2025-09-18 15:56:09'),
(528, 34, 'processing', 'Status updated to processing by seller.', 7, '2025-09-18 15:56:40'),
(529, 34, 'processing', 'Status updated to processing by seller.', 7, '2025-09-18 15:57:11'),
(530, 34, 'processing', 'Status updated to processing by seller.', 7, '2025-09-18 15:57:42'),
(531, 34, 'processing', 'Status updated to processing by seller.', 7, '2025-09-18 15:58:13'),
(532, 34, 'processing', 'Status updated to processing by seller.', 7, '2025-09-18 15:58:44'),
(533, 34, 'processing', 'Status updated to processing by seller.', 7, '2025-09-18 15:59:15'),
(534, 34, 'processing', 'Status updated to processing by seller.', 7, '2025-09-18 15:59:46'),
(535, 34, 'processing', 'Status updated to processing by seller.', 7, '2025-09-18 16:00:17'),
(536, 34, 'processing', 'Status updated to processing by seller.', 7, '2025-09-18 16:00:48'),
(537, 34, 'processing', 'Status updated to processing by seller.', 7, '2025-09-18 16:01:19'),
(538, 34, 'processing', 'Status updated to processing by seller.', 7, '2025-09-18 16:01:50'),
(539, 34, 'processing', 'Status updated to processing by seller.', 7, '2025-09-18 16:02:21'),
(540, 34, 'processing', 'Status updated to processing by seller.', 7, '2025-09-18 16:02:52'),
(541, 34, 'processing', 'Status updated to processing by seller.', 7, '2025-09-18 16:03:23'),
(542, 34, 'processing', 'Status updated to processing by seller.', 7, '2025-09-18 16:03:54'),
(543, 34, 'processing', 'Status updated to processing by seller.', 7, '2025-09-18 16:04:25'),
(544, 34, 'processing', 'Status updated to processing by seller.', 7, '2025-09-18 16:04:56'),
(545, 34, 'processing', 'Status updated to processing by seller.', 7, '2025-09-18 16:05:27'),
(546, 34, 'processing', 'Status updated to processing by seller.', 7, '2025-09-18 16:05:58'),
(547, 34, 'processing', 'Status updated to processing by seller.', 7, '2025-09-18 16:06:29'),
(548, 34, 'processing', 'Status updated to processing by seller.', 7, '2025-09-18 16:07:05'),
(549, 34, 'processing', 'Status updated to processing by seller.', 7, '2025-09-18 16:07:36');
INSERT INTO `order_status_history` (`id`, `order_id`, `status`, `notes`, `updated_by`, `created_at`) VALUES
(550, 34, 'processing', 'Status updated to processing by seller.', 7, '2025-09-18 16:08:07'),
(551, 34, 'processing', 'Status updated to processing by seller.', 7, '2025-09-18 16:08:38'),
(552, 34, 'processing', 'Status updated to processing by seller.', 7, '2025-09-18 16:09:09'),
(553, 34, 'processing', 'Status updated to processing by seller.', 7, '2025-09-18 16:09:40'),
(554, 34, 'processing', 'Status updated to processing by seller.', 7, '2025-09-18 16:10:11'),
(555, 34, 'processing', 'Status updated to processing by seller.', 7, '2025-09-18 16:10:42'),
(556, 34, 'processing', 'Status updated to processing by seller.', 7, '2025-09-18 16:11:13'),
(557, 34, 'processing', 'Status updated to processing by seller.', 7, '2025-09-18 16:11:44'),
(558, 34, 'processing', 'Status updated to processing by seller.', 7, '2025-09-18 16:12:15'),
(559, 34, 'processing', 'Status updated to processing by seller.', 7, '2025-09-18 16:12:46'),
(560, 34, 'processing', 'Status updated to processing by seller.', 7, '2025-09-18 16:22:52'),
(561, 34, 'processing', 'Status updated to processing by seller.', 7, '2025-09-18 16:23:23'),
(562, 34, 'processing', 'Status updated to processing by seller.', 7, '2025-09-18 16:23:30'),
(563, 34, 'processing', 'Status updated to processing by seller.', 7, '2025-09-18 16:24:01'),
(564, 34, 'processing', 'Status updated to processing by seller.', 7, '2025-09-18 16:24:05'),
(565, 34, 'processing', 'Status updated to processing by seller.', 7, '2025-09-18 16:24:08'),
(566, 34, 'processing', 'Status updated to processing by seller.', 7, '2025-09-18 16:24:38'),
(567, 34, 'processing', 'Status updated to processing by seller.', 7, '2025-09-18 16:25:09'),
(568, 34, 'processing', 'Status updated to processing by seller.', 7, '2025-09-18 16:25:39'),
(569, 34, 'processing', 'Status updated to processing by seller.', 7, '2025-09-18 16:26:09'),
(570, 34, 'processing', 'Status updated to processing by seller.', 7, '2025-09-18 16:26:39'),
(571, 34, 'processing', 'Status updated to processing by seller.', 7, '2025-09-18 16:27:10'),
(572, 34, 'processing', 'Status updated to processing by seller.', 7, '2025-09-18 16:27:40'),
(573, 34, 'processing', 'Status updated to processing by seller.', 7, '2025-09-18 16:28:10'),
(574, 34, 'processing', 'Status updated to processing by seller.', 7, '2025-09-18 16:28:40'),
(575, 34, 'processing', 'Status updated to processing by seller.', 7, '2025-09-18 16:29:10'),
(576, 34, 'processing', 'Status updated to processing by seller.', 7, '2025-09-18 16:29:41'),
(577, 34, 'processing', 'Status updated to processing by seller.', 7, '2025-09-18 16:30:11'),
(578, 34, 'processing', 'Status updated to processing by seller.', 7, '2025-09-18 16:30:41'),
(579, 34, 'processing', 'Status updated to processing by seller.', 7, '2025-09-18 16:31:12'),
(580, 34, 'processing', 'Status updated to processing by seller.', 7, '2025-09-18 16:31:43'),
(581, 34, 'processing', 'Status updated to processing by seller.', 7, '2025-09-18 16:32:15'),
(582, 34, 'processing', 'Status updated to processing by seller.', 7, '2025-09-18 16:32:26'),
(583, 34, 'processing', 'Status updated to processing by seller.', 7, '2025-09-18 16:32:56'),
(584, 34, 'processing', 'Status updated to processing by seller.', 7, '2025-09-18 16:33:27'),
(585, 34, 'processing', 'Status updated to processing by seller.', 7, '2025-09-18 16:33:58'),
(586, 34, 'processing', 'Status updated to processing by seller.', 7, '2025-09-18 16:34:29'),
(587, 34, 'processing', 'Status updated to processing by seller.', 7, '2025-09-18 16:35:00'),
(588, 34, 'processing', 'Status updated to processing by seller.', 7, '2025-09-18 16:35:31'),
(589, 34, 'processing', 'Status updated to processing by seller.', 7, '2025-09-18 16:36:01'),
(590, 35, 'pending', 'Initial status: pending (migrated from existing data)', 9, '2025-09-18 11:25:33'),
(591, 36, 'pending', 'Initial status: pending (migrated from existing data)', 9, '2025-09-18 11:55:56'),
(592, 37, 'pending', 'Initial status: pending (migrated from existing data)', 9, '2025-09-18 14:48:56'),
(593, 38, 'pending', 'Initial status: pending (migrated from existing data)', 9, '2025-09-18 15:05:47'),
(594, 39, 'pending', 'Initial status: pending (migrated from existing data)', 9, '2025-09-18 15:34:09'),
(595, 40, 'pending', 'Initial status: pending (migrated from existing data)', 9, '2025-09-18 16:23:59'),
(597, 34, 'processing', 'Status updated to processing by seller.', 7, '2025-09-18 16:36:32'),
(598, 34, 'processing', 'Status updated to processing by seller.', 7, '2025-09-18 16:37:03'),
(599, 34, 'processing', 'Status updated to processing by seller.', 7, '2025-09-18 16:37:35'),
(600, 34, 'processing', 'Status updated to processing by seller.', 7, '2025-09-18 16:37:58'),
(601, 40, 'shipped', 'Status changed from pending to shipped', 9, '2025-09-18 16:38:21'),
(602, 40, 'shipped', 'Status updated to shipped by seller.', 7, '2025-09-18 16:38:21'),
(603, 40, 'shipped', 'Status updated to shipped by seller.', 7, '2025-09-18 16:38:51'),
(604, 40, 'shipped', 'Status updated to shipped by seller.', 7, '2025-09-18 16:39:22'),
(605, 40, 'shipped', 'Status updated to shipped by seller.', 7, '2025-09-18 16:39:53'),
(606, 40, 'shipped', 'Status updated to shipped by seller.', 7, '2025-09-18 16:40:24'),
(607, 40, 'shipped', 'Status updated to shipped by seller.', 7, '2025-09-18 16:40:55'),
(608, 40, 'shipped', 'Status updated to shipped by seller.', 7, '2025-09-18 16:41:12'),
(609, 40, 'shipped', 'Status updated to shipped by seller.', 7, '2025-09-18 16:41:30'),
(610, 40, 'shipped', 'Status updated to shipped by seller.', 7, '2025-09-18 16:41:53'),
(611, 40, 'shipped', 'Status updated to shipped by seller.', 7, '2025-09-18 16:42:00'),
(612, 40, 'shipped', 'Status updated to shipped by seller.', 7, '2025-09-18 16:42:31'),
(613, 40, 'shipped', 'Status updated to shipped by seller.', 7, '2025-09-18 16:43:02'),
(614, 40, 'shipped', 'Status updated to shipped by seller.', 7, '2025-09-18 16:43:33'),
(615, 40, 'shipped', 'Status updated to shipped by seller.', 7, '2025-09-18 16:44:04'),
(616, 40, 'shipped', 'Status updated to shipped by seller.', 7, '2025-09-18 16:44:12'),
(617, 40, 'shipped', 'Status updated to shipped by seller.', 7, '2025-09-18 16:44:42'),
(618, 40, 'shipped', 'Status updated to shipped by seller.', 7, '2025-09-18 16:45:12'),
(619, 40, 'shipped', 'Status updated to shipped by seller.', 7, '2025-09-18 16:45:42'),
(620, 40, 'shipped', 'Status updated to shipped by seller.', 7, '2025-09-18 16:46:13'),
(621, 40, 'shipped', 'Status updated to shipped by seller.', 7, '2025-09-18 16:46:44'),
(622, 40, 'shipped', 'Status updated to shipped by seller.', 7, '2025-09-18 16:47:15'),
(623, 40, 'shipped', 'Status updated to shipped by seller.', 7, '2025-09-18 16:47:46'),
(624, 40, 'shipped', 'Status updated to shipped by seller.', 7, '2025-09-18 16:48:17'),
(625, 40, 'shipped', 'Status updated to shipped by seller.', 7, '2025-09-18 16:48:48'),
(626, 40, 'shipped', 'Status updated to shipped by seller.', 7, '2025-09-18 16:49:19'),
(627, 40, 'shipped', 'Status updated to shipped by seller.', 7, '2025-09-18 16:49:50'),
(628, 40, 'shipped', 'Status updated to shipped by seller.', 7, '2025-09-18 16:50:21'),
(629, 40, 'shipped', 'Status updated to shipped by seller.', 7, '2025-09-18 16:50:52'),
(630, 40, 'shipped', 'Status updated to shipped by seller.', 7, '2025-09-18 16:51:23'),
(631, 40, 'shipped', 'Status updated to shipped by seller.', 7, '2025-09-18 16:51:54'),
(632, 40, 'shipped', 'Status updated to shipped by seller.', 7, '2025-09-18 16:52:25'),
(633, 40, 'shipped', 'Status updated to shipped by seller.', 7, '2025-09-18 16:52:56'),
(634, 40, 'shipped', 'Status updated to shipped by seller.', 7, '2025-09-18 16:53:27'),
(635, 40, 'shipped', 'Status updated to shipped by seller.', 7, '2025-09-18 16:53:58'),
(636, 40, 'shipped', 'Status updated to shipped by seller.', 7, '2025-09-18 16:54:29'),
(637, 40, 'shipped', 'Status updated to shipped by seller.', 7, '2025-09-18 16:55:00'),
(638, 40, 'shipped', 'Status updated to shipped by seller.', 7, '2025-09-18 16:55:31'),
(639, 40, 'shipped', 'Status updated to shipped by seller.', 7, '2025-09-18 16:56:02'),
(640, 40, 'shipped', 'Status updated to shipped by seller.', 7, '2025-09-18 16:56:33'),
(641, 40, 'shipped', 'Status updated to shipped by seller.', 7, '2025-09-18 16:57:04'),
(642, 40, 'shipped', 'Status updated to shipped by seller.', 7, '2025-09-18 16:57:35'),
(643, 40, 'shipped', 'Status updated to shipped by seller.', 7, '2025-09-18 16:57:41'),
(644, 40, 'shipped', 'Status updated to shipped by seller.', 7, '2025-09-18 16:58:39'),
(645, 40, 'shipped', 'Status updated to shipped by seller.', 7, '2025-09-18 16:58:44'),
(646, 40, 'shipped', 'Status updated to shipped by seller.', 7, '2025-09-18 16:59:39'),
(647, 40, 'shipped', 'Status updated to shipped by seller.', 7, '2025-09-18 17:00:39'),
(648, 41, 'pending', 'Initial status: pending (migrated from existing data)', 9, '2025-09-18 16:42:39'),
(649, 42, 'pending', 'Initial status: pending (migrated from existing data)', 9, '2025-09-18 16:43:57'),
(650, 43, 'pending', 'Initial status: pending (migrated from existing data)', 9, '2025-09-18 17:00:05'),
(651, 44, 'pending', 'Initial status: pending (migrated from existing data)', 9, '2025-09-19 01:09:33'),
(655, 46, 'processing', 'Status changed from pending to processing', 7, '2025-09-19 08:46:23'),
(656, 46, 'processing', 'Status updated to processing by seller. Order automatically confirmed.', 7, '2025-09-19 08:46:23'),
(657, 45, 'processing', 'Status changed from pending to processing', 9, '2025-09-19 08:46:27'),
(658, 45, 'processing', 'Status updated to processing by seller. Order automatically confirmed.', 7, '2025-09-19 08:46:27'),
(659, 44, 'processing', 'Status changed from pending to processing', 9, '2025-09-19 08:46:30'),
(660, 44, 'processing', 'Status updated to processing by seller. Order automatically confirmed.', 7, '2025-09-19 08:46:30'),
(661, 43, 'shipped', 'Status changed from pending to shipped', 9, '2025-09-19 08:46:32'),
(662, 43, 'shipped', 'Status updated to shipped by seller.', 7, '2025-09-19 08:46:32'),
(663, 43, 'processing', 'Status changed from shipped to processing', 9, '2025-09-19 08:46:32'),
(664, 43, 'processing', 'Status updated to processing by seller.', 7, '2025-09-19 08:46:32'),
(665, 43, 'processing', 'Status updated to processing by seller.', 7, '2025-09-19 08:47:03'),
(666, 43, 'processing', 'Status updated to processing by seller.', 7, '2025-09-19 08:47:12'),
(667, 43, 'processing', 'Status updated to processing by seller.', 7, '2025-09-19 08:47:43'),
(668, 43, 'processing', 'Status updated to processing by seller.', 7, '2025-09-19 08:48:14'),
(671, 43, 'processing', 'Status updated to processing by seller.', 7, '2025-09-19 08:48:45'),
(672, 43, 'processing', 'Status updated to processing by seller.', 7, '2025-09-19 08:49:16'),
(673, 43, 'processing', 'Status updated to processing by seller.', 7, '2025-09-19 08:49:47'),
(674, 43, 'processing', 'Status updated to processing by seller.', 7, '2025-09-19 08:50:18'),
(675, 43, 'processing', 'Status updated to processing by seller.', 7, '2025-09-19 08:50:49'),
(676, 43, 'processing', 'Status updated to processing by seller.', 7, '2025-09-19 08:51:20'),
(677, 43, 'processing', 'Status updated to processing by seller.', 7, '2025-09-19 08:51:51'),
(678, 43, 'processing', 'Status updated to processing by seller.', 7, '2025-09-19 08:52:22'),
(679, 43, 'processing', 'Status updated to processing by seller.', 7, '2025-09-19 08:52:53'),
(680, 43, 'processing', 'Status updated to processing by seller.', 7, '2025-09-19 08:53:24'),
(681, 43, 'processing', 'Status updated to processing by seller.', 7, '2025-09-19 08:53:55'),
(682, 43, 'processing', 'Status updated to processing by seller.', 7, '2025-09-19 08:54:26'),
(683, 43, 'processing', 'Status updated to processing by seller.', 7, '2025-09-19 08:54:57'),
(684, 43, 'processing', 'Status updated to processing by seller.', 7, '2025-09-19 08:55:28'),
(685, 43, 'processing', 'Status updated to processing by seller.', 7, '2025-09-19 08:55:59'),
(686, 43, 'processing', 'Status updated to processing by seller.', 7, '2025-09-19 08:56:30'),
(687, 43, 'processing', 'Status updated to processing by seller.', 7, '2025-09-19 08:57:01'),
(688, 43, 'processing', 'Status updated to processing by seller.', 7, '2025-09-19 08:57:32'),
(689, 43, 'processing', 'Status updated to processing by seller.', 7, '2025-09-19 08:58:03'),
(690, 43, 'processing', 'Status updated to processing by seller.', 7, '2025-09-19 08:58:34'),
(691, 43, 'processing', 'Status updated to processing by seller.', 7, '2025-09-19 08:59:05'),
(692, 43, 'processing', 'Status updated to processing by seller.', 7, '2025-09-19 08:59:36'),
(693, 43, 'processing', 'Status updated to processing by seller.', 7, '2025-09-19 09:00:07'),
(694, 43, 'processing', 'Status updated to processing by seller.', 7, '2025-09-19 09:00:38'),
(695, 43, 'processing', 'Status updated to processing by seller.', 7, '2025-09-19 09:01:09'),
(696, 43, 'processing', 'Status updated to processing by seller.', 7, '2025-09-19 09:01:40'),
(697, 43, 'processing', 'Status updated to processing by seller.', 7, '2025-09-19 09:02:11'),
(698, 43, 'processing', 'Status updated to processing by seller.', 7, '2025-09-19 09:02:42'),
(699, 43, 'processing', 'Status updated to processing by seller.', 7, '2025-09-19 09:03:13'),
(700, 43, 'processing', 'Status updated to processing by seller.', 7, '2025-09-19 09:03:44'),
(701, 43, 'processing', 'Status updated to processing by seller.', 7, '2025-09-19 09:04:15'),
(702, 43, 'processing', 'Status updated to processing by seller.', 7, '2025-09-19 09:04:46'),
(703, 43, 'processing', 'Status updated to processing by seller.', 7, '2025-09-19 09:05:17'),
(704, 43, 'processing', 'Status updated to processing by seller.', 7, '2025-09-19 09:05:48'),
(705, 43, 'processing', 'Status updated to processing by seller.', 7, '2025-09-19 09:06:19'),
(706, 43, 'processing', 'Status updated to processing by seller.', 7, '2025-09-19 09:06:50'),
(707, 43, 'processing', 'Status updated to processing by seller.', 7, '2025-09-19 09:07:21'),
(708, 43, 'processing', 'Status updated to processing by seller.', 7, '2025-09-19 09:08:32'),
(709, 43, 'processing', 'Status updated to processing by seller.', 7, '2025-09-19 09:09:03'),
(710, 43, 'processing', 'Status updated to processing by seller.', 7, '2025-09-19 09:09:34'),
(711, 43, 'processing', 'Status updated to processing by seller.', 7, '2025-09-19 09:10:05'),
(712, 43, 'processing', 'Status updated to processing by seller.', 7, '2025-09-19 09:10:36'),
(713, 43, 'processing', 'Status updated to processing by seller.', 7, '2025-09-19 09:11:07'),
(714, 43, 'processing', 'Status updated to processing by seller.', 7, '2025-09-19 09:11:38'),
(715, 43, 'processing', 'Status updated to processing by seller.', 7, '2025-09-19 09:12:09'),
(716, 43, 'processing', 'Status updated to processing by seller.', 7, '2025-09-19 09:12:40'),
(717, 43, 'processing', 'Status updated to processing by seller.', 7, '2025-09-19 09:13:11'),
(718, 43, 'processing', 'Status updated to processing by seller.', 7, '2025-09-19 09:13:42'),
(719, 43, 'processing', 'Status updated to processing by seller.', 7, '2025-09-19 09:16:35'),
(720, 43, 'processing', 'Status updated to processing by seller.', 7, '2025-09-19 09:17:06'),
(721, 43, 'processing', 'Status updated to processing by seller.', 7, '2025-09-19 09:17:37'),
(722, 43, 'processing', 'Status updated to processing by seller.', 7, '2025-09-19 09:18:08'),
(724, 43, 'processing', 'Status updated to processing by seller.', 7, '2025-09-19 09:18:39'),
(725, 43, 'processing', 'Status updated to processing by seller.', 7, '2025-09-19 09:19:10'),
(726, 43, 'processing', 'Status updated to processing by seller.', 7, '2025-09-19 09:19:36'),
(727, 43, 'processing', 'Status updated to processing by seller.', 7, '2025-09-19 09:20:06'),
(728, 43, 'processing', 'Status updated to processing by seller.', 7, '2025-09-19 09:20:37'),
(729, 43, 'processing', 'Status updated to processing by seller.', 7, '2025-09-19 09:21:08'),
(730, 43, 'processing', 'Status updated to processing by seller.', 7, '2025-09-19 09:21:39'),
(731, 43, 'processing', 'Status updated to processing by seller.', 7, '2025-09-19 09:22:10'),
(732, 43, 'processing', 'Status updated to processing by seller.', 7, '2025-09-19 09:22:41'),
(733, 43, 'processing', 'Status updated to processing by seller.', 7, '2025-09-19 09:23:12'),
(734, 43, 'processing', 'Status updated to processing by seller.', 7, '2025-09-19 09:23:43'),
(735, 43, 'processing', 'Status updated to processing by seller.', 7, '2025-09-19 09:24:44'),
(736, 48, 'processing', 'Status changed from pending to processing', 9, '2025-09-19 09:24:59'),
(737, 48, 'processing', 'Status updated to processing by seller. Order automatically confirmed.', 7, '2025-09-19 09:24:59'),
(738, 48, 'processing', 'Status updated to processing by seller.', 7, '2025-09-19 09:25:33'),
(739, 48, 'processing', 'Status updated to processing by seller.', 7, '2025-09-19 09:26:04'),
(740, 48, 'processing', 'Status updated from processing to processing by seller.', 7, '2025-09-19 09:26:29'),
(741, 48, 'shipped', 'Status changed from processing to shipped', 9, '2025-09-19 09:26:44'),
(742, 48, 'shipped', 'Status updated from processing to shipped by seller.', 7, '2025-09-19 09:26:44'),
(743, 48, 'delivered', 'Status changed from shipped to delivered', 9, '2025-09-19 09:27:17'),
(744, 48, 'delivered', 'Status updated from shipped to delivered by seller.', 7, '2025-09-19 09:27:17'),
(745, 48, 'shipped', 'Status changed from delivered to shipped', 9, '2025-09-19 09:27:20'),
(746, 48, 'shipped', 'Status updated from delivered to shipped by seller.', 7, '2025-09-19 09:27:20'),
(747, 48, 'shipped', 'Status updated from shipped to shipped by seller.', 7, '2025-09-19 09:27:53'),
(748, 48, 'delivered', 'Status changed from shipped to delivered', 9, '2025-09-19 09:27:59'),
(749, 48, 'delivered', 'Status updated from shipped to delivered by seller.', 7, '2025-09-19 09:27:59'),
(750, 48, 'delivered', 'Status updated from delivered to delivered by seller.', 7, '2025-09-19 09:28:32'),
(751, 48, 'delivered', 'Status updated from delivered to delivered by seller.', 7, '2025-09-19 09:29:07'),
(752, 48, 'delivered', 'Status updated from delivered to delivered by seller.', 7, '2025-09-19 09:29:41'),
(753, 48, 'delivered', 'Status updated from delivered to delivered by seller.', 7, '2025-09-19 09:30:15'),
(754, 48, 'delivered', 'Status updated from delivered to delivered by seller.', 7, '2025-09-19 09:30:50'),
(755, 48, 'delivered', 'Status updated from delivered to delivered by seller.', 7, '2025-09-19 09:31:39'),
(756, 48, 'delivered', 'Status updated from delivered to delivered by seller.', 7, '2025-09-19 09:32:13'),
(757, 48, 'delivered', 'Status updated from delivered to delivered by seller.', 7, '2025-09-19 09:32:47'),
(758, 48, 'delivered', 'Status updated from delivered to delivered by seller.', 7, '2025-09-19 09:33:21'),
(759, 48, 'delivered', 'Status updated from delivered to delivered by seller.', 7, '2025-09-19 09:33:55'),
(760, 48, 'delivered', 'Status updated from delivered to delivered by seller.', 7, '2025-09-19 09:34:45'),
(761, 48, 'delivered', 'Status updated from delivered to delivered by seller.', 7, '2025-09-19 09:35:00'),
(762, 48, 'delivered', 'Status updated from delivered to delivered by seller.', 7, '2025-09-19 09:35:21'),
(763, 48, 'delivered', 'Status updated from delivered to delivered by seller.', 7, '2025-09-19 09:35:55'),
(764, 48, 'delivered', 'Status updated from delivered to delivered by seller.', 7, '2025-09-19 09:36:28'),
(765, 48, 'delivered', 'Status updated from delivered to delivered by seller.', 7, '2025-09-19 09:37:03'),
(766, 48, 'delivered', 'Status updated from delivered to delivered by seller.', 7, '2025-09-19 09:37:37'),
(767, 48, 'delivered', 'Status updated from delivered to delivered by seller.', 7, '2025-09-19 09:38:35'),
(768, 48, 'delivered', 'Status updated from delivered to delivered by seller.', 7, '2025-09-19 09:39:09'),
(769, 48, 'delivered', 'Status updated from delivered to delivered by seller.', 7, '2025-09-19 09:39:43'),
(770, 48, 'delivered', 'Status updated from delivered to delivered by seller.', 7, '2025-09-19 09:40:17'),
(771, 48, 'delivered', 'Status updated from delivered to delivered by seller.', 7, '2025-09-19 09:40:29'),
(772, 48, 'delivered', 'Status updated from delivered to delivered by seller.', 7, '2025-09-19 09:41:02'),
(773, 48, 'delivered', 'Status updated from delivered to delivered by seller.', 7, '2025-09-19 09:41:37'),
(774, 48, 'delivered', 'Status updated from delivered to delivered by seller.', 7, '2025-09-19 09:42:14'),
(775, 48, 'delivered', 'Status updated from delivered to delivered by seller.', 7, '2025-09-19 09:42:48'),
(776, 48, 'delivered', 'Status updated from delivered to delivered by seller.', 7, '2025-09-19 09:43:22'),
(777, 48, 'delivered', 'Status updated from delivered to delivered by seller.', 7, '2025-09-19 09:43:56'),
(778, 48, 'delivered', 'Status updated from delivered to delivered by seller.', 7, '2025-09-19 09:44:30'),
(779, 48, 'delivered', 'Status updated from delivered to delivered by seller.', 7, '2025-09-19 09:45:05'),
(780, 48, 'delivered', 'Status updated from delivered to delivered by seller.', 7, '2025-09-19 09:45:39'),
(781, 48, 'delivered', 'Status updated from delivered to delivered by seller.', 7, '2025-09-19 09:46:14'),
(782, 48, 'delivered', 'Status updated from delivered to delivered by seller.', 7, '2025-09-19 09:46:49'),
(783, 48, 'delivered', 'Status updated from delivered to delivered by seller.', 7, '2025-09-19 09:47:23'),
(784, 48, 'delivered', 'Status updated from delivered to delivered by seller.', 7, '2025-09-19 09:48:12'),
(785, 48, 'delivered', 'Status updated from delivered to delivered by seller.', 7, '2025-09-19 09:48:47'),
(786, 48, 'delivered', 'Status updated from delivered to delivered by seller.', 7, '2025-09-19 09:49:12'),
(787, 48, 'delivered', 'Status updated from delivered to delivered by seller.', 7, '2025-09-19 09:49:46'),
(788, 48, 'delivered', 'Status updated from delivered to delivered by seller.', 7, '2025-09-19 09:50:21'),
(789, 48, 'delivered', 'Status updated from delivered to delivered by seller.', 7, '2025-09-19 09:50:55'),
(790, 48, 'delivered', 'Status updated from delivered to delivered by seller.', 7, '2025-09-19 09:51:29'),
(791, 48, 'delivered', 'Status updated from delivered to delivered by seller.', 7, '2025-09-19 09:52:03'),
(792, 48, 'delivered', 'Status updated from delivered to delivered by seller.', 7, '2025-09-19 09:52:37'),
(793, 48, 'delivered', 'Status updated from delivered to delivered by seller.', 7, '2025-09-19 09:53:11'),
(794, 48, 'delivered', 'Status updated from delivered to delivered by seller.', 7, '2025-09-19 09:53:45'),
(795, 48, 'delivered', 'Status updated from delivered to delivered by seller.', 7, '2025-09-19 09:54:19'),
(796, 48, 'delivered', 'Status updated from delivered to delivered by seller.', 7, '2025-09-19 09:54:53'),
(797, 48, 'delivered', 'Status updated from delivered to delivered by seller.', 7, '2025-09-19 09:55:27'),
(798, 48, 'delivered', 'Status updated from delivered to delivered by seller.', 7, '2025-09-19 09:56:00'),
(799, 48, 'delivered', 'Status updated from delivered to delivered by seller.', 7, '2025-09-19 09:56:33'),
(800, 48, 'delivered', 'Status updated from delivered to delivered by seller.', 7, '2025-09-19 09:56:46'),
(801, 48, 'delivered', 'Status updated from delivered to delivered by seller.', 7, '2025-09-19 09:57:19'),
(802, 48, 'delivered', 'Status updated from delivered to delivered by seller.', 7, '2025-09-19 09:57:53'),
(803, 48, 'delivered', 'Status updated from delivered to delivered by seller.', 7, '2025-09-19 09:58:03'),
(804, 48, 'pending', 'Status changed from delivered to pending', 9, '2025-09-19 09:58:15'),
(805, 48, 'pending', 'Status updated from delivered to pending by seller.', 7, '2025-09-19 09:58:15'),
(806, 48, 'pending', 'Status updated from pending to pending by seller.', 7, '2025-09-19 09:58:41'),
(807, 48, 'pending', 'Status updated from pending to pending by seller.', 7, '2025-09-19 09:59:15'),
(808, 48, 'pending', 'Status updated from pending to pending by seller.', 7, '2025-09-19 09:59:49'),
(809, 48, 'pending', 'Status updated from pending to pending by seller.', 7, '2025-09-19 10:00:23'),
(810, 48, 'pending', 'Status updated from pending to pending by seller.', 7, '2025-09-19 10:00:56'),
(811, 48, 'pending', 'Status updated from pending to pending by seller.', 7, '2025-09-19 10:01:30'),
(812, 48, 'pending', 'Status updated from pending to pending by seller.', 7, '2025-09-19 10:02:03'),
(813, 48, 'pending', 'Status updated from pending to pending by seller.', 7, '2025-09-19 10:02:08'),
(814, 48, 'pending', 'Status updated from pending to pending by seller.', 7, '2025-09-19 10:02:42'),
(815, 48, 'pending', 'Status updated from pending to pending by seller.', 7, '2025-09-19 10:03:15'),
(816, 48, 'pending', 'Status updated from pending to pending by seller.', 7, '2025-09-19 10:03:48'),
(817, 48, 'pending', 'Status updated from pending to pending by seller.', 7, '2025-09-19 10:04:21'),
(818, 48, 'shipped', 'Status changed from pending to shipped', 9, '2025-09-19 10:04:30'),
(819, 48, 'shipped', 'Status updated from pending to shipped by seller.', 7, '2025-09-19 10:04:30'),
(820, 48, 'shipped', 'Status updated from shipped to shipped by seller.', 7, '2025-09-19 10:05:04'),
(821, 48, 'shipped', 'Status updated from shipped to shipped by seller.', 7, '2025-09-19 10:05:37'),
(822, 48, 'shipped', 'Status updated from shipped to shipped by seller.', 7, '2025-09-19 10:06:10'),
(823, 48, 'shipped', 'Status updated from shipped to shipped by seller.', 7, '2025-09-19 10:06:43'),
(824, 48, 'shipped', 'Status updated from shipped to shipped by seller.', 7, '2025-09-19 10:07:17'),
(825, 48, 'shipped', 'Status updated from shipped to shipped by seller.', 7, '2025-09-19 10:07:51'),
(826, 48, 'shipped', 'Status updated from shipped to shipped by seller.', 7, '2025-09-19 10:08:25'),
(827, 50, 'processing', 'Status changed from pending to processing', 9, '2025-09-19 10:12:30'),
(828, 50, 'processing', 'Status updated from pending to processing by seller.', 7, '2025-09-19 10:12:30'),
(829, 50, 'shipped', 'Status changed from processing to shipped', 9, '2025-09-19 10:12:39'),
(830, 50, 'shipped', 'Status updated from processing to shipped by seller.', 7, '2025-09-19 10:12:39'),
(831, 50, 'delivered', 'Status changed from shipped to delivered', 9, '2025-09-19 10:12:49'),
(832, 50, 'delivered', 'Status updated from shipped to delivered by seller.', 7, '2025-09-19 10:12:49'),
(833, 49, 'processing', 'Status changed from pending to processing', 9, '2025-09-19 11:14:49'),
(834, 49, 'processing', 'Status updated from pending to processing by seller.', 7, '2025-09-19 11:14:49'),
(835, 52, 'processing', 'Status changed from pending to processing', 8, '2025-09-21 07:19:21'),
(836, 52, 'processing', 'Status updated from pending to processing by seller.', 7, '2025-09-21 07:19:21'),
(837, 52, 'shipped', 'Status changed from processing to shipped', 8, '2025-09-21 07:19:45'),
(838, 52, 'shipped', 'Status updated from processing to shipped by seller.', 7, '2025-09-21 07:19:45'),
(839, 52, 'delivered', 'Status changed from shipped to delivered', 8, '2025-09-21 07:20:03'),
(840, 52, 'delivered', 'Status updated from shipped to delivered by seller.', 7, '2025-09-21 07:20:04'),
(841, 49, 'shipped', 'Status changed from processing to shipped', 9, '2025-09-21 07:20:25'),
(842, 49, 'shipped', 'Status updated from processing to shipped by seller.', 7, '2025-09-21 07:20:25'),
(843, 49, 'delivered', 'Status changed from shipped to delivered', 9, '2025-09-21 07:20:35'),
(844, 49, 'delivered', 'Status updated from shipped to delivered by seller.', 7, '2025-09-21 07:20:35'),
(845, 48, 'delivered', 'Status changed from shipped to delivered', 9, '2025-09-21 07:40:05'),
(846, 48, 'delivered', 'Status updated from shipped to delivered by seller.', 7, '2025-09-21 07:40:05'),
(847, 47, 'processing', 'Status changed from pending to processing', 9, '2025-09-21 08:04:44'),
(848, 47, 'processing', 'Status updated from pending to processing by seller.', 7, '2025-09-21 08:04:44'),
(849, 47, 'shipped', 'Status changed from processing to shipped', 9, '2025-09-21 08:04:55'),
(850, 47, 'shipped', 'Status updated from processing to shipped by seller.', 7, '2025-09-21 08:04:55'),
(851, 46, 'shipped', 'Status changed from processing to shipped', 7, '2025-09-21 08:05:03'),
(852, 46, 'shipped', 'Status updated from processing to shipped by seller.', 7, '2025-09-21 08:05:03'),
(853, 47, 'delivered', 'Status changed from shipped to delivered', 9, '2025-09-21 08:05:16'),
(854, 47, 'delivered', 'Status updated from shipped to delivered by seller.', 7, '2025-09-21 08:05:16'),
(855, 45, 'shipped', 'Status changed from processing to shipped', 9, '2025-09-21 08:06:06'),
(856, 45, 'shipped', 'Status updated from processing to shipped by seller.', 7, '2025-09-21 08:06:06'),
(857, 34, 'shipped', 'Status changed from processing to shipped', 9, '2025-09-21 08:06:15'),
(858, 34, 'shipped', 'Status updated from processing to shipped by seller.', 7, '2025-09-21 08:06:15'),
(859, 40, 'delivered', 'Status changed from shipped to delivered', 9, '2025-09-21 08:06:25'),
(860, 40, 'delivered', 'Status updated from shipped to delivered by seller.', 7, '2025-09-21 08:06:25'),
(861, 34, 'delivered', 'Status changed from shipped to delivered', 9, '2025-09-21 08:06:33'),
(862, 34, 'delivered', 'Status updated from shipped to delivered by seller.', 7, '2025-09-21 08:06:33'),
(863, 41, 'processing', 'Status changed from pending to processing', 9, '2025-09-21 08:11:58'),
(864, 41, 'processing', 'Status updated from pending to processing by seller.', 7, '2025-09-21 08:11:58'),
(865, 46, 'delivered', 'Status changed from shipped to delivered', 7, '2025-09-21 08:12:09'),
(866, 46, 'delivered', 'Status updated from shipped to delivered by seller.', 7, '2025-09-21 08:12:09'),
(867, 44, 'shipped', 'Status changed from processing to shipped', 9, '2025-09-21 08:13:07'),
(868, 44, 'shipped', 'Status updated from processing to shipped by seller.', 7, '2025-09-21 08:13:07'),
(869, 43, 'shipped', 'Status changed from processing to shipped', 9, '2025-09-21 08:13:15'),
(870, 43, 'shipped', 'Status updated from processing to shipped by seller.', 7, '2025-09-21 08:13:15'),
(871, 45, 'delivered', 'Status changed from shipped to delivered', 9, '2025-09-21 08:13:32'),
(872, 45, 'delivered', 'Status updated from shipped to delivered by seller.', 7, '2025-09-21 08:13:32'),
(873, 44, 'delivered', 'Status changed from shipped to delivered', 9, '2025-09-21 08:14:58'),
(874, 44, 'delivered', 'Status updated from shipped to delivered by seller.', 7, '2025-09-21 08:14:58'),
(875, 43, 'delivered', 'Status changed from shipped to delivered', 9, '2025-09-23 15:34:49'),
(876, 43, 'delivered', 'Status updated from shipped to delivered by seller.', 7, '2025-09-23 15:34:49'),
(877, 41, 'shipped', 'Status changed from processing to shipped', 9, '2025-09-23 15:35:33'),
(878, 41, 'shipped', 'Status updated from processing to shipped by seller.', 7, '2025-09-23 15:35:33'),
(885, 54, 'processing', 'Status changed from pending to processing', 9, '2025-09-25 00:13:25'),
(886, 54, 'processing', 'Status updated from pending to processing by seller.', 7, '2025-09-25 00:13:25'),
(888, 54, 'shipped', 'Status changed from processing to shipped', 9, '2025-09-25 00:13:45'),
(889, 54, 'shipped', 'Status updated from processing to shipped by seller.', 7, '2025-09-25 00:13:45'),
(891, 54, 'delivered', 'Status changed from shipped to delivered', 9, '2025-09-25 00:14:11'),
(892, 54, 'delivered', 'Status updated from shipped to delivered by seller.', 7, '2025-09-25 00:14:11'),
(901, 56, 'cancelled', 'Status changed from pending to cancelled', 9, '2025-09-25 00:28:56'),
(902, 56, 'cancelled', 'Order cancelled by customer', 9, '2025-09-25 00:28:56'),
(903, 55, 'cancelled', 'Status changed from pending to cancelled', 9, '2025-09-25 00:29:33'),
(904, 55, 'cancelled', 'Order cancelled by customer', 9, '2025-09-25 00:29:33'),
(905, 53, 'cancelled', 'Status changed from pending to cancelled', 9, '2025-09-25 00:29:50'),
(906, 53, 'cancelled', 'Order cancelled by customer', 9, '2025-09-25 00:29:50'),
(907, 57, 'processing', 'Status changed from pending to processing', 9, '2025-09-25 00:47:24'),
(908, 57, 'processing', 'Status updated from pending to processing by seller.', 7, '2025-09-25 00:47:24'),
(909, 57, 'shipped', 'Status changed from processing to shipped', 9, '2025-09-25 00:48:10'),
(910, 57, 'shipped', 'Status updated from processing to shipped by seller.', 7, '2025-09-25 00:48:10'),
(911, 57, 'delivered', 'Status changed from shipped to delivered', 9, '2025-09-25 00:48:42'),
(912, 57, 'delivered', 'Status updated from shipped to delivered by seller.', 7, '2025-09-25 00:48:42'),
(913, 42, 'processing', 'Status changed from pending to processing', 9, '2025-09-25 10:17:54'),
(914, 42, 'processing', 'Status updated from pending to processing by seller.', 7, '2025-09-25 10:17:54'),
(915, 42, 'shipped', 'Status changed from processing to shipped', 9, '2025-09-25 10:18:56'),
(916, 42, 'shipped', 'Status updated from processing to shipped by seller.', 7, '2025-09-25 10:18:56'),
(917, 42, 'delivered', 'Status changed from shipped to delivered', 9, '2025-09-25 10:19:10'),
(918, 42, 'delivered', 'Status updated from shipped to delivered by seller.', 7, '2025-09-25 10:19:10'),
(919, 58, 'processing', 'Status changed from pending to processing', 9, '2025-09-25 10:28:09'),
(920, 58, 'processing', 'Status updated from pending to processing by seller.', 7, '2025-09-25 10:28:09'),
(921, 58, 'shipped', 'Status changed from processing to shipped', 9, '2025-09-25 10:28:14'),
(922, 58, 'shipped', 'Status updated from processing to shipped by seller.', 7, '2025-09-25 10:28:14'),
(923, 58, 'delivered', 'Status changed from shipped to delivered', 9, '2025-09-25 10:28:21'),
(924, 58, 'delivered', 'Status updated from shipped to delivered by seller.', 7, '2025-09-25 10:28:21'),
(925, 59, 'processing', 'Status changed from pending to processing', 9, '2025-09-25 10:52:38'),
(926, 59, 'processing', 'Status updated from pending to processing by seller.', 7, '2025-09-25 10:52:38'),
(927, 59, 'shipped', 'Status changed from processing to shipped', 9, '2025-09-25 10:52:44'),
(928, 59, 'shipped', 'Status updated from processing to shipped by seller.', 7, '2025-09-25 10:52:44'),
(929, 59, 'delivered', 'Status changed from shipped to delivered', 9, '2025-09-25 10:52:49'),
(930, 59, 'delivered', 'Status updated from shipped to delivered by seller.', 7, '2025-09-25 10:52:49'),
(931, 64, 'processing', 'Status changed from pending to processing', 9, '2025-09-25 15:27:58'),
(932, 64, 'processing', 'Status updated from pending to processing by seller.', 7, '2025-09-25 15:27:58'),
(933, 63, 'processing', 'Status changed from pending to processing', 9, '2025-09-25 15:28:09'),
(934, 63, 'processing', 'Status updated from pending to processing by seller.', 7, '2025-09-25 15:28:09'),
(935, 63, 'shipped', 'Status changed from processing to shipped', 9, '2025-09-25 15:28:19'),
(936, 63, 'shipped', 'Status updated from processing to shipped by seller.', 7, '2025-09-25 15:28:19'),
(937, 64, 'shipped', 'Status changed from processing to shipped', 9, '2025-09-25 15:28:30'),
(938, 64, 'shipped', 'Status updated from processing to shipped by seller.', 7, '2025-09-25 15:28:30'),
(939, 64, 'delivered', 'Status changed from shipped to delivered', 9, '2025-09-25 15:28:50'),
(940, 64, 'delivered', 'Status updated from shipped to delivered by seller.', 7, '2025-09-25 15:28:50'),
(941, 63, 'delivered', 'Status changed from shipped to delivered', 9, '2025-09-25 15:29:09'),
(942, 63, 'delivered', 'Status updated from shipped to delivered by seller.', 7, '2025-09-25 15:29:09'),
(943, 62, 'processing', 'Status changed from pending to processing', 9, '2025-09-25 15:34:00'),
(944, 62, 'processing', 'Status updated from pending to processing by seller.', 7, '2025-09-25 15:34:00'),
(945, 62, 'shipped', 'Status changed from processing to shipped', 9, '2025-09-25 15:34:25'),
(946, 62, 'shipped', 'Status updated from processing to shipped by seller.', 7, '2025-09-25 15:34:25'),
(947, 62, 'delivered', 'Status changed from shipped to delivered', 9, '2025-09-25 15:34:38'),
(948, 62, 'delivered', 'Status updated from shipped to delivered by seller.', 7, '2025-09-25 15:34:38'),
(949, 61, 'processing', 'Status changed from pending to processing', 9, '2025-09-25 15:35:12'),
(950, 61, 'processing', 'Status updated from pending to processing by seller.', 7, '2025-09-25 15:35:12'),
(951, 71, 'processing', 'Status changed from pending to processing', 9, '2025-09-26 14:40:08'),
(952, 71, 'processing', 'Status updated from pending to processing by seller.', 7, '2025-09-26 14:40:08'),
(953, 70, 'processing', 'Status changed from pending to processing', 9, '2025-09-26 14:40:14'),
(954, 70, 'processing', 'Status updated from pending to processing by seller.', 7, '2025-09-26 14:40:14'),
(955, 69, 'processing', 'Status changed from pending to processing', 9, '2025-09-26 14:40:22'),
(956, 69, 'processing', 'Status updated from pending to processing by seller.', 7, '2025-09-26 14:40:22'),
(957, 73, 'processing', 'Status changed from pending to processing', 9, '2025-09-26 14:50:27'),
(958, 73, 'processing', 'Status updated from pending to processing by seller.', 7, '2025-09-26 14:50:27'),
(959, 73, 'shipped', 'Status changed from processing to shipped', 9, '2025-09-26 14:50:36'),
(960, 73, 'shipped', 'Status updated from processing to shipped by seller.', 7, '2025-09-26 14:50:36'),
(961, 75, 'processing', 'Status changed from pending to processing', 9, '2025-09-26 15:07:00'),
(962, 75, 'processing', 'Status updated from pending to processing by seller.', 7, '2025-09-26 15:07:00'),
(963, 75, 'shipped', 'Status changed from processing to shipped', 9, '2025-09-26 15:07:06'),
(964, 75, 'shipped', 'Status updated from processing to shipped by seller.', 7, '2025-09-26 15:07:06'),
(965, 75, 'delivered', 'Status changed from shipped to delivered', 9, '2025-09-26 15:07:33'),
(966, 75, 'delivered', 'Status updated from shipped to delivered by seller.', 7, '2025-09-26 15:07:33'),
(967, 74, 'processing', 'Status changed from pending to processing', 9, '2025-09-26 15:07:52'),
(968, 74, 'processing', 'Status updated from pending to processing by seller.', 7, '2025-09-26 15:07:52'),
(969, 74, 'shipped', 'Status changed from processing to shipped', 9, '2025-09-26 15:07:58'),
(970, 74, 'shipped', 'Status updated from processing to shipped by seller.', 7, '2025-09-26 15:07:58'),
(971, 74, 'delivered', 'Status changed from shipped to delivered', 9, '2025-09-26 15:08:04'),
(972, 74, 'delivered', 'Status updated from shipped to delivered by seller.', 7, '2025-09-26 15:08:04'),
(973, 73, 'delivered', 'Status changed from shipped to delivered', 9, '2025-09-26 15:09:51'),
(974, 73, 'delivered', 'Status updated from shipped to delivered by seller.', 7, '2025-09-26 15:09:51'),
(975, 76, 'processing', 'Status changed from pending to processing', 9, '2025-09-26 15:58:04'),
(976, 76, 'processing', 'Status updated from pending to processing by seller.', 7, '2025-09-26 15:58:04'),
(977, 76, 'shipped', 'Status changed from processing to shipped', 9, '2025-09-26 15:58:20'),
(978, 76, 'shipped', 'Status updated from processing to shipped by seller.', 7, '2025-09-26 15:58:20'),
(979, 76, 'delivered', 'Status changed from shipped to delivered', 9, '2025-09-26 15:58:29'),
(980, 76, 'delivered', 'Status updated from shipped to delivered by seller.', 7, '2025-09-26 15:58:29'),
(981, 82, 'cancelled', 'Status changed from pending to cancelled', 9, '2025-09-28 07:54:09'),
(982, 82, 'cancelled', 'Order cancelled by customer', 9, '2025-09-28 07:54:09'),
(983, 88, 'processing', 'Status changed from pending to processing', 9, '2025-09-28 08:02:59'),
(984, 88, 'processing', 'Status updated from pending to processing by seller.', 7, '2025-09-28 08:02:59'),
(985, 87, 'processing', 'Status changed from pending to processing', 9, '2025-09-28 08:03:21'),
(986, 87, 'processing', 'Status updated from pending to processing by seller.', 7, '2025-09-28 08:03:21'),
(987, 88, 'shipped', 'Status changed from processing to shipped', 9, '2025-09-28 08:03:40'),
(988, 88, 'shipped', 'Status updated from processing to shipped by seller.', 7, '2025-09-28 08:03:40'),
(989, 88, 'delivered', 'Status changed from shipped to delivered', 9, '2025-09-28 08:03:54'),
(990, 88, 'delivered', 'Status updated from shipped to delivered by seller.', 7, '2025-09-28 08:03:54'),
(991, 89, 'processing', 'Status changed from pending to processing', 9, '2025-09-28 08:07:12'),
(992, 89, 'processing', 'Status updated from pending to processing by seller.', 7, '2025-09-28 08:07:12'),
(993, 89, 'shipped', 'Status changed from processing to shipped', 9, '2025-09-28 08:27:37'),
(994, 89, 'shipped', 'Status updated from processing to shipped by seller.', 7, '2025-09-28 08:27:37'),
(995, 89, 'delivered', 'Status changed from shipped to delivered', 9, '2025-09-28 08:27:43'),
(996, 89, 'delivered', 'Status updated from shipped to delivered by seller.', 7, '2025-09-28 08:27:43'),
(997, 90, 'processing', 'Status changed from pending to processing', 9, '2025-09-28 14:51:03'),
(998, 90, 'processing', 'Status updated from pending to processing by seller.', 7, '2025-09-28 14:51:03'),
(999, 90, 'shipped', 'Status changed from processing to shipped', 9, '2025-09-28 14:51:13'),
(1000, 90, 'shipped', 'Status updated from processing to shipped by seller.', 7, '2025-09-28 14:51:13'),
(1001, 90, 'delivered', 'Status changed from shipped to delivered', 9, '2025-09-28 14:51:22'),
(1002, 90, 'delivered', 'Status updated from shipped to delivered by seller.', 7, '2025-09-28 14:51:22'),
(1003, 95, 'processing', 'Status changed from pending to processing', 9, '2025-09-29 08:46:21'),
(1004, 95, 'processing', 'Status updated from pending to processing by seller.', 7, '2025-09-29 08:46:22'),
(1005, 95, 'shipped', 'Status changed from processing to shipped', 9, '2025-09-29 08:48:30'),
(1006, 95, 'shipped', 'Status updated from processing to shipped by seller.', 7, '2025-09-29 08:48:30'),
(1007, 94, 'processing', 'Status changed from pending to processing', 9, '2025-09-29 15:34:49'),
(1008, 94, 'processing', 'Status updated from pending to processing by seller.', 7, '2025-09-29 15:34:49'),
(1009, 94, 'shipped', 'Status changed from processing to shipped', 9, '2025-09-29 15:35:15'),
(1010, 94, 'shipped', 'Status updated from processing to shipped by seller.', 7, '2025-09-29 15:35:15'),
(1011, 93, 'processing', 'Status changed from pending to processing', 9, '2025-09-29 15:35:31'),
(1012, 93, 'processing', 'Status updated from pending to processing by seller.', 7, '2025-09-29 15:35:31'),
(1013, 93, 'shipped', 'Status changed from processing to shipped', 9, '2025-09-29 15:36:31'),
(1014, 93, 'shipped', 'Status updated from processing to shipped by seller.', 7, '2025-09-29 15:36:31'),
(1015, 92, 'processing', 'Status changed from pending to processing', 9, '2025-09-29 15:38:35'),
(1016, 92, 'processing', 'Status updated from pending to processing by seller.', 7, '2025-09-29 15:38:35'),
(1017, 92, 'shipped', 'Status changed from processing to shipped', 9, '2025-09-29 15:38:43'),
(1018, 92, 'shipped', 'Status updated from processing to shipped by seller.', 7, '2025-09-29 15:38:43'),
(1019, 91, 'processing', 'Status changed from pending to processing', 9, '2025-09-29 15:43:04'),
(1020, 91, 'processing', 'Status updated from pending to processing by seller.', 7, '2025-09-29 15:43:04'),
(1021, 86, 'processing', 'Status changed from pending to processing', 9, '2025-09-29 15:43:15'),
(1022, 86, 'processing', 'Status updated from pending to processing by seller.', 7, '2025-09-29 15:43:15'),
(1023, 91, 'cancelled', 'Status changed from processing to cancelled', 9, '2025-09-29 15:47:34'),
(1024, 91, 'cancelled', 'Status updated from processing to cancelled by seller.', 7, '2025-09-29 15:47:34'),
(1025, 85, 'cancelled', 'Status changed from pending to cancelled', 9, '2025-09-29 15:57:40'),
(1026, 85, 'cancelled', 'Status updated from pending to cancelled by seller.', 7, '2025-09-29 15:57:40'),
(1027, 84, 'cancelled', 'Status changed from pending to cancelled', 9, '2025-09-29 15:59:37'),
(1028, 84, 'cancelled', 'Status updated from pending to cancelled by seller.', 7, '2025-09-29 15:59:37'),
(1029, 83, 'cancelled', 'Status changed from pending to cancelled', 9, '2025-09-29 16:00:05'),
(1030, 83, 'cancelled', 'Status updated from pending to cancelled by seller.', 7, '2025-09-29 16:00:05'),
(1031, 95, 'delivered', 'Status changed from shipped to delivered', 9, '2025-09-30 11:46:38'),
(1032, 95, 'delivered', 'Status updated from shipped to delivered by seller.', 7, '2025-09-30 11:46:38'),
(1033, 98, 'cancelled', 'Status changed from pending to cancelled', 9, '2025-10-01 14:20:09'),
(1034, 98, 'cancelled', 'Cancelled by customer. Reason: trip lng nako', 9, '2025-10-01 14:20:09'),
(1035, 97, 'cancelled', 'Status changed from pending to cancelled', 9, '2025-10-01 14:24:45'),
(1036, 97, 'cancelled', 'Cancelled by customer. Reason: wla lang', 9, '2025-10-01 14:24:45'),
(1037, 96, 'cancelled', 'Status changed from pending to cancelled', 9, '2025-10-01 14:48:29'),
(1038, 96, 'cancelled', 'Status updated from pending to cancelled by seller.', 7, '2025-10-01 14:48:29'),
(1039, 94, 'delivered', 'Status changed from shipped to delivered', 9, '2025-10-02 11:26:42'),
(1040, 94, 'delivered', 'Status updated from shipped to delivered by seller.', 7, '2025-10-02 11:26:42'),
(1041, 93, 'delivered', 'Status changed from shipped to delivered', 9, '2025-10-02 11:26:47'),
(1042, 93, 'delivered', 'Status updated from shipped to delivered by seller.', 7, '2025-10-02 11:26:47'),
(1043, 92, 'delivered', 'Status changed from shipped to delivered', 9, '2025-10-02 11:26:50'),
(1044, 92, 'delivered', 'Status updated from shipped to delivered by seller.', 7, '2025-10-02 11:26:50'),
(1045, 87, 'cancelled', 'Status changed from processing to cancelled', 9, '2025-10-02 11:26:54'),
(1046, 87, 'cancelled', 'Status updated from processing to cancelled by seller.', 7, '2025-10-02 11:26:54'),
(1047, 86, 'cancelled', 'Status changed from processing to cancelled', 9, '2025-10-02 11:26:57'),
(1048, 86, 'cancelled', 'Status updated from processing to cancelled by seller.', 7, '2025-10-02 11:26:57'),
(1049, 81, 'cancelled', 'Status changed from pending to cancelled', 9, '2025-10-02 11:27:00'),
(1050, 81, 'cancelled', 'Status updated from pending to cancelled by seller.', 7, '2025-10-02 11:27:00'),
(1051, 79, 'cancelled', 'Status changed from pending to cancelled', 7, '2025-10-02 11:27:04'),
(1052, 79, 'cancelled', 'Status updated from pending to cancelled by seller.', 7, '2025-10-02 11:27:04'),
(1053, 78, 'cancelled', 'Status changed from pending to cancelled', 7, '2025-10-02 11:27:07'),
(1054, 78, 'cancelled', 'Status updated from pending to cancelled by seller.', 7, '2025-10-02 11:27:07'),
(1055, 77, 'cancelled', 'Status changed from pending to cancelled', 9, '2025-10-02 11:27:10'),
(1056, 77, 'cancelled', 'Status updated from pending to cancelled by seller.', 7, '2025-10-02 11:27:10'),
(1057, 72, 'cancelled', 'Status changed from pending to cancelled', 9, '2025-10-02 11:27:14'),
(1058, 72, 'cancelled', 'Status updated from pending to cancelled by seller.', 7, '2025-10-02 11:27:14'),
(1059, 71, 'cancelled', 'Status changed from processing to cancelled', 9, '2025-10-02 11:27:18'),
(1060, 71, 'cancelled', 'Status updated from processing to cancelled by seller.', 7, '2025-10-02 11:27:18'),
(1061, 70, 'cancelled', 'Status changed from processing to cancelled', 9, '2025-10-02 11:27:20'),
(1062, 70, 'cancelled', 'Status updated from processing to cancelled by seller.', 7, '2025-10-02 11:27:20'),
(1063, 68, 'cancelled', 'Status changed from pending to cancelled', 9, '2025-10-02 11:27:23'),
(1064, 68, 'cancelled', 'Status updated from pending to cancelled by seller.', 7, '2025-10-02 11:27:23'),
(1065, 69, 'cancelled', 'Status changed from processing to cancelled', 9, '2025-10-02 11:27:26'),
(1066, 69, 'cancelled', 'Status updated from processing to cancelled by seller.', 7, '2025-10-02 11:27:26'),
(1067, 67, 'cancelled', 'Status changed from pending to cancelled', 9, '2025-10-02 11:27:30'),
(1068, 67, 'cancelled', 'Status updated from pending to cancelled by seller.', 7, '2025-10-02 11:27:30'),
(1069, 66, 'cancelled', 'Status changed from pending to cancelled', 9, '2025-10-02 11:27:33'),
(1070, 66, 'cancelled', 'Status updated from pending to cancelled by seller.', 7, '2025-10-02 11:27:33'),
(1071, 65, 'cancelled', 'Status changed from pending to cancelled', 9, '2025-10-02 11:27:37'),
(1072, 65, 'cancelled', 'Status updated from pending to cancelled by seller.', 7, '2025-10-02 11:27:37'),
(1073, 60, 'cancelled', 'Status changed from pending to cancelled', 9, '2025-10-02 11:27:41'),
(1074, 60, 'cancelled', 'Status updated from pending to cancelled by seller.', 7, '2025-10-02 11:27:41'),
(1075, 99, 'processing', 'Status changed from pending to processing', 9, '2025-10-03 14:18:38'),
(1076, 99, 'processing', 'Status updated from pending to processing by seller.', 7, '2025-10-03 14:18:38'),
(1077, 99, 'shipped', 'Status changed from processing to shipped', 9, '2025-10-03 14:20:39'),
(1078, 99, 'shipped', 'Status updated from processing to shipped by seller.', 7, '2025-10-03 14:20:39'),
(1079, 100, 'processing', 'Status changed from pending to processing', 9, '2025-10-04 04:43:32'),
(1080, 100, 'processing', 'Status updated from pending to processing by seller.', 11, '2025-10-04 04:43:32'),
(1081, 101, 'processing', 'Status changed from pending to processing', 9, '2025-10-04 04:43:59'),
(1082, 101, 'processing', 'Status updated from pending to processing by seller.', 11, '2025-10-04 04:43:59'),
(1083, 101, 'shipped', 'Status changed from processing to shipped', 9, '2025-10-04 04:44:02'),
(1084, 101, 'shipped', 'Status updated from processing to shipped by seller.', 11, '2025-10-04 04:44:02'),
(1085, 101, 'delivered', 'Status changed from shipped to delivered', 9, '2025-10-04 04:44:44'),
(1086, 101, 'delivered', 'Status updated from shipped to delivered by seller.', 11, '2025-10-04 04:44:44'),
(1087, 100, 'cancelled', 'Status changed from processing to cancelled', 9, '2025-10-04 04:45:32'),
(1088, 100, 'cancelled', 'Status updated from processing to cancelled by seller.', 11, '2025-10-04 04:45:32'),
(1089, 131, 'cancelled', 'Status changed from pending to cancelled', 12, '2025-10-07 08:20:45');
INSERT INTO `order_status_history` (`id`, `order_id`, `status`, `notes`, `updated_by`, `created_at`) VALUES
(1090, 135, 'cancelled', 'Status changed from pending to cancelled', 12, '2025-10-08 06:48:42'),
(1091, 135, 'cancelled', 'Cancelled by customer. Reason: scammer', 12, '2025-10-08 06:48:42'),
(1092, 99, 'delivered', 'Status changed from shipped to delivered', 9, '2025-10-11 08:37:56'),
(1093, 129, 'processing', 'Status changed from pending to processing', 12, '2025-10-11 08:42:05'),
(1094, 133, 'processing', 'Status changed from pending to processing', 12, '2025-10-11 08:44:49'),
(1095, 113, 'cancelled', 'Status changed from pending to cancelled', 12, '2025-10-11 08:44:58'),
(1096, 216, 'cancelled', 'Status changed from pending to cancelled', 12, '2025-10-16 08:34:05'),
(1097, 213, 'processing', 'Status changed from pending to processing', 12, '2025-10-16 08:35:50'),
(1098, 213, 'shipped', 'Status changed from processing to shipped', 12, '2025-10-16 08:36:27'),
(1099, 213, 'delivered', 'Status changed from shipped to delivered', 12, '2025-10-16 08:36:40'),
(1100, 217, 'processing', 'Status changed from pending to processing', 12, '2025-10-16 09:42:54'),
(1101, 218, 'processing', 'Status changed from pending to processing', 12, '2025-10-16 09:43:02'),
(1102, 219, 'cancelled', 'Status changed from pending to cancelled', 12, '2025-10-16 09:43:06'),
(1103, 218, 'cancelled', 'Status changed from processing to cancelled', 12, '2025-10-16 09:43:20'),
(1104, 217, 'cancelled', 'Status changed from processing to cancelled', 12, '2025-10-16 09:43:22'),
(1105, 220, 'cancelled', 'Status changed from pending to cancelled', 12, '2025-10-16 09:48:19'),
(1106, 203, 'processing', 'Status changed from pending to processing', 12, '2025-10-16 09:48:26'),
(1107, 215, 'processing', 'Status changed from pending to processing', 12, '2025-10-16 09:55:33'),
(1108, 215, 'shipped', 'Status changed from processing to shipped', 12, '2025-10-16 09:55:37'),
(1109, 215, 'delivered', 'Status changed from shipped to delivered', 12, '2025-10-16 09:55:40'),
(1110, 210, 'cancelled', 'Status changed from pending to cancelled', 12, '2025-10-16 10:01:00'),
(1111, 212, 'cancelled', 'Status changed from pending to cancelled', 12, '2025-10-21 18:02:30'),
(1112, 212, 'cancelled', 'Cancelled by customer. Reason: testing', 12, '2025-10-21 18:02:30'),
(1113, 214, 'processing', 'Status changed from pending to processing', 12, '2025-10-22 00:47:08'),
(1114, 215, 'return_requested', 'New return request for Order #000215 - Advion Cockroach Gel Bait. Please review and respond.', 11, '2025-10-22 06:37:12'),
(1115, 223, 'processing', 'Status changed from pending to processing', 12, '2025-10-23 23:07:47'),
(1116, 222, 'processing', 'Status changed from pending to processing', 12, '2025-10-23 23:07:49'),
(1117, 209, 'processing', 'Status changed from pending to processing', 12, '2025-10-23 23:07:53'),
(1118, 223, 'shipped', 'Status changed from processing to shipped', 12, '2025-10-23 23:07:56'),
(1119, 222, 'shipped', 'Status changed from processing to shipped', 12, '2025-10-23 23:07:59'),
(1120, 209, 'shipped', 'Status changed from processing to shipped', 12, '2025-10-23 23:08:02'),
(1121, 223, 'delivered', 'Status changed from shipped to delivered', 12, '2025-10-23 23:08:04'),
(1122, 222, 'delivered', 'Status changed from shipped to delivered', 12, '2025-10-23 23:08:07'),
(1123, 209, 'delivered', 'Status changed from shipped to delivered', 12, '2025-10-23 23:08:10'),
(1124, 208, 'processing', 'Status changed from pending to processing', 12, '2025-10-23 23:08:13'),
(1125, 208, 'shipped', 'Status changed from processing to shipped', 12, '2025-10-23 23:08:17'),
(1126, 208, 'delivered', 'Status changed from shipped to delivered', 12, '2025-10-23 23:08:21'),
(1127, 229, 'processing', 'Status changed from pending to processing', 9, '2025-10-23 23:22:52'),
(1128, 229, 'shipped', 'Status changed from processing to shipped', 9, '2025-10-23 23:22:57'),
(1129, 229, 'delivered', 'Status changed from shipped to delivered', 9, '2025-10-23 23:23:01'),
(1130, 229, 'return_requested', 'New return request for Order #000229 - Imidart. Please review and respond.', 7, '2025-10-23 23:24:09'),
(1131, 229, 'return_requested', 'New return request for Order #000229 - Imidart. Please review and respond.', 7, '2025-10-23 23:31:37'),
(1132, 229, 'return_requested', 'New return request for Order #000229 - Imidart. Please review and respond.', 7, '2025-10-24 01:49:06'),
(1133, 229, 'return_requested', 'New return request for Order #000229 - Imidart. Please review and respond.', 7, '2025-10-24 02:26:22'),
(1134, 229, 'return_approved', 'Your return request for Order #000229 has been approved. Refund is being processed.', 0, '2025-10-24 02:35:31'),
(1135, 229, 'return_approved', 'Your return request for Order #000229 has been approved. Refund is being processed.', 0, '2025-10-24 03:02:01'),
(1136, 229, 'return_approved', 'Your return request for Order #000229 has been approved. Refund is being processed.', 0, '2025-10-24 03:08:19'),
(1137, 229, 'return_approved', 'Your return request for Order #000229 has been approved. Refund is being processed.', 0, '2025-10-24 03:11:29'),
(1138, 229, 'return_approved', 'Your return request for Order #000229 has been approved. Refund is being processed.', 0, '2025-10-24 03:13:27'),
(1139, 229, 'return_approved', 'Your return request for Order #000229 has been approved. Refund is being processed.', 0, '2025-10-24 13:15:06'),
(1140, 241, 'processing', 'Status changed from pending to processing', 9, '2025-10-24 13:28:30'),
(1141, 240, 'processing', 'Status changed from pending to processing', 9, '2025-10-24 13:28:32'),
(1142, 241, 'shipped', 'Status changed from processing to shipped', 9, '2025-10-24 13:28:35'),
(1143, 240, 'shipped', 'Status changed from processing to shipped', 9, '2025-10-24 13:28:37'),
(1144, 241, 'delivered', 'Status changed from shipped to delivered', 9, '2025-10-24 13:28:53'),
(1145, 240, 'delivered', 'Status changed from shipped to delivered', 9, '2025-10-24 13:28:55'),
(1146, 241, 'return_requested', 'New return request for Order #000241 - Imidart. Please review and respond.', 7, '2025-10-24 13:40:19'),
(1147, 241, 'return_approved', 'Your return request for Order #000241 has been approved. Refund is being processed.', 0, '2025-10-24 13:40:33'),
(1148, 241, 'return_approved', 'Your return request for Order #000241 has been approved. Refund is being processed.', 0, '2025-10-24 14:18:38'),
(1149, 241, 'return_approved', 'Your return request for Order #000241 has been approved. Refund is being processed.', 0, '2025-10-24 14:27:54'),
(1150, 240, 'return_requested', 'New return request for Order #000240 - INSECTICIDES-Mahishmati. Please review and respond.', 7, '2025-10-24 15:19:38'),
(1151, 240, 'return_approved', 'Your return request for Order #000240 has been approved. Refund is being processed.', 0, '2025-10-24 15:19:54'),
(1152, 207, 'processing', 'Status changed from pending to processing', 12, '2025-10-24 15:29:12'),
(1153, 207, 'shipped', 'Status changed from processing to shipped', 12, '2025-10-24 15:29:16'),
(1154, 61, 'shipped', 'Status changed from processing to shipped', 9, '2025-10-24 15:29:49'),
(1155, 38, 'processing', 'Status changed from pending to processing', 9, '2025-10-24 15:30:34'),
(1156, 206, 'processing', 'Status changed from pending to processing', 12, '2025-10-24 16:35:40'),
(1157, 241, 'return_requested', 'New return request for Order #000241 - Imidart. Please review and respond.', 7, '2025-10-25 15:11:20'),
(1158, 241, 'return_requested', 'New return request for Order #000241 - Imidart. Please review and respond.', 7, '2025-10-25 15:20:30'),
(1159, 241, 'return_requested', 'New return request for Order #000241 - Imidart. Please review and respond.', 7, '2025-10-25 15:28:09'),
(1160, 240, 'return_requested', 'New return request for Order #000240 - INSECTICIDES-Mahishmati. Please review and respond.', 7, '2025-10-26 05:34:14'),
(1161, 240, 'return_approved', 'Your return request for Order #000240 has been approved. Refund is being processed.', 0, '2025-10-26 05:35:11'),
(1166, 240, 'return_approved', 'Your return request for Order #000240 has been approved. Refund is being processed.', 0, '2025-10-26 06:03:33'),
(1167, 240, '', 'Status changed from delivered to ', 9, '2025-10-26 06:41:06'),
(1168, 240, 'return_approved', 'Your return request for Order #000240 has been approved. Refund is being processed.', 0, '2025-10-26 06:41:06'),
(1169, 240, 'return_approved', 'Your return request for Order #000240 has been approved. Refund is being processed.', 0, '2025-10-26 06:43:45'),
(1170, 240, 'return_approved', 'Your return request for Order #000240 has been approved. Refund is being processed.', 0, '2025-10-26 06:44:35'),
(1171, 241, '', 'Status changed from delivered to ', 9, '2025-10-26 06:45:37'),
(1172, 241, 'return_approved', 'Your return request for Order #000241 has been approved. Refund is being processed.', 0, '2025-10-26 06:45:37'),
(1173, 229, 'return_requested', 'New return request for Order #000229 - Imidart. Please review and respond.', 7, '2025-10-29 10:23:04'),
(1174, 245, 'processing', 'Status changed from pending to processing', 9, '2025-10-29 11:05:00'),
(1175, 245, 'shipped', 'Status changed from processing to shipped', 9, '2025-10-29 11:08:20'),
(1176, 245, 'delivered', 'Status changed from shipped to delivered', 9, '2025-10-29 11:08:33'),
(1177, 246, 'processing', 'Status changed from pending to processing', 9, '2025-10-29 11:51:35'),
(1178, 248, 'processing', 'Status changed from pending to processing', 9, '2025-10-29 15:21:08'),
(1179, 247, 'processing', 'Status changed from pending to processing', 9, '2025-10-29 16:18:03'),
(1180, 248, 'shipped', 'Status changed from processing to shipped', 9, '2025-10-29 16:44:43'),
(1181, 247, 'shipped', 'Status changed from processing to shipped', 9, '2025-10-29 16:50:05'),
(1182, 246, 'shipped', 'Status changed from processing to shipped', 9, '2025-10-29 16:50:07'),
(1183, 248, 'delivered', 'Status changed from shipped to delivered', 9, '2025-10-29 16:50:37'),
(1184, 247, 'delivered', 'Status changed from shipped to delivered', 9, '2025-10-29 16:50:55'),
(1185, 229, '', 'Status changed from delivered to ', 9, '2025-10-30 12:39:33'),
(1186, 229, 'return_approved', 'Your return request for Order #000229 has been approved. Refund is being processed.', 0, '2025-10-30 12:39:33'),
(1187, 229, 'return_approved', 'Your return request for Order #000229 has been approved. Refund is being processed.', 0, '2025-10-30 13:14:33'),
(1188, 248, 'return_requested', 'New return request for Order #000248 - Metarhizium-03. Please review and respond.', 7, '2025-10-30 15:05:07'),
(1189, 229, 'return_approved', 'Your return request for Order #000229 has been approved. Refund is being processed.', 0, '2025-10-30 15:07:40'),
(1190, 248, '', 'Status changed from delivered to ', 9, '2025-10-30 15:12:41'),
(1191, 248, 'return_approved', 'Your return request for Order #000248 has been approved. Refund is being processed.', 0, '2025-10-30 15:12:41'),
(1192, 248, 'return_approved', 'Your return request for Order #000248 has been approved. Refund is being processed.', 0, '2025-10-30 15:12:45'),
(1193, 247, 'return_requested', 'New return request for Order #000247 - Pyrethrum. Please review and respond.', 7, '2025-10-30 15:16:45'),
(1194, 241, 'return_rejected', 'Your return request has been rejected. Reason: Product opened or used', 0, '2025-10-30 15:18:33'),
(1195, 247, '', 'Status changed from delivered to ', 9, '2025-10-30 15:26:15'),
(1196, 247, 'return_approved', 'Your return request for Order #000247 has been approved. Refund is being processed.', 0, '2025-10-30 15:26:15'),
(1197, 245, 'return_requested', 'New return request for Order #000245 - bayer-decis-agriculture-insecticide. Please review and respond.', 7, '2025-10-30 15:26:56'),
(1198, 247, 'return_approved', 'Your return request for Order #000247 has been approved. Refund is being processed.', 0, '2025-10-30 15:28:12'),
(1199, 127, 'processing', 'Status changed from pending to processing', 12, '2025-11-01 06:56:42'),
(1200, 133, 'shipped', 'Status changed from processing to shipped', 12, '2025-11-01 06:57:33'),
(1201, 251, 'processing', 'Status changed from pending to processing', 12, '2025-11-05 09:08:48'),
(1202, 251, 'shipped', 'Status changed from processing to shipped', 12, '2025-11-05 09:08:58'),
(1203, 228, 'cancelled', 'Status changed from pending to cancelled', 12, '2025-11-05 09:32:11'),
(1204, 228, 'cancelled', 'Cancelled by customer. Reason: i dont have cash at the moment', 12, '2025-11-05 09:32:11'),
(1205, 226, 'cancelled', 'Status changed from pending to cancelled', 12, '2025-11-05 09:33:19'),
(1206, 226, 'cancelled', 'Cancelled by customer. Reason: i dont want to buy this anymore ive found a better alternative', 12, '2025-11-05 09:33:19'),
(1207, 221, 'cancelled', 'Status changed from pending to cancelled', 12, '2025-11-05 09:35:25'),
(1208, 221, 'cancelled', 'Cancelled by customer. Reason: test', 12, '2025-11-05 09:35:25'),
(1209, 251, 'delivered', 'Status changed from shipped to delivered', 12, '2025-11-05 09:36:22'),
(1210, 224, 'cancelled', 'Status changed from pending to cancelled', 12, '2025-11-05 09:37:29'),
(1211, 224, 'cancelled', 'Cancelled by customer. Reason: cancel please', 12, '2025-11-05 09:37:29'),
(1212, 227, 'processing', 'Status changed from pending to processing', 12, '2025-11-05 09:50:57'),
(1213, 243, 'processing', 'Status changed from pending to processing', 9, '2025-11-05 09:51:02'),
(1214, 243, 'shipped', 'Status changed from processing to shipped', 9, '2025-11-05 09:51:10'),
(1215, 243, 'delivered', 'Status changed from shipped to delivered', 9, '2025-11-05 09:51:35'),
(1216, 227, 'shipped', 'Status changed from processing to shipped', 12, '2025-11-05 09:51:57'),
(1217, 227, 'delivered', 'Status changed from shipped to delivered', 12, '2025-11-05 09:52:05'),
(1218, 215, '', 'Status changed from delivered to ', 12, '2025-11-05 09:55:25'),
(1219, 215, 'return_rejected', 'Your return request has been rejected. Reason: Product opened or used', 0, '2025-11-05 09:55:25'),
(1220, 203, 'shipped', 'Status changed from processing to shipped', 12, '2025-11-06 08:46:31'),
(1221, 203, 'delivered', 'Status changed from shipped to delivered', 12, '2025-11-06 08:46:54'),
(1222, 202, 'cancelled', 'Status changed from pending to cancelled', 12, '2025-11-06 08:58:21'),
(1223, 201, 'processing', 'Status changed from pending to processing', 12, '2025-11-06 08:58:27'),
(1224, 308, 'processing', 'Status changed from pending to processing', 12, '2025-11-08 06:44:33'),
(1225, 308, 'shipped', 'Status changed from processing to shipped', 12, '2025-11-08 06:45:18'),
(1226, 308, 'delivered', 'Status changed from shipped to delivered', 12, '2025-11-08 06:46:55'),
(1227, 308, '', 'Status changed from delivered to ', 12, '2025-11-08 07:07:28'),
(1228, 308, 'completed', 'Order confirmed received by customer', 12, '2025-11-08 07:07:28'),
(1229, 251, '', 'Status changed from delivered to ', 12, '2025-11-08 07:07:34'),
(1230, 251, 'completed', 'Order confirmed received by customer', 12, '2025-11-08 07:07:34'),
(1231, 227, '', 'Status changed from delivered to ', 12, '2025-11-08 07:11:21'),
(1232, 227, 'completed', 'Order confirmed received by customer', 12, '2025-11-08 07:11:21'),
(1233, 223, '', 'Status changed from delivered to ', 12, '2025-11-08 07:17:16'),
(1234, 223, 'completed', 'Order confirmed received by customer', 12, '2025-11-08 07:17:16'),
(1235, 222, '', 'Status changed from delivered to ', 12, '2025-11-08 07:17:41'),
(1236, 222, 'completed', 'Order confirmed received by customer', 12, '2025-11-08 07:17:41'),
(1238, 307, 'processing', 'Status changed from pending to processing', 12, '2025-11-08 07:31:21'),
(1239, 307, 'shipped', 'Status changed from processing to shipped', 12, '2025-11-08 07:31:25'),
(1240, 307, 'delivered', 'Status changed from shipped to delivered', 12, '2025-11-08 07:31:31'),
(1243, 307, 'completed', 'Status changed from delivered to completed', 12, '2025-11-08 07:33:30'),
(1244, 307, 'completed', 'Order confirmed received by customer', 12, '2025-11-08 07:33:30'),
(1245, 213, 'completed', 'Status changed from delivered to completed', 12, '2025-11-09 14:35:29'),
(1246, 213, 'completed', 'Order confirmed received by customer', 12, '2025-11-09 14:35:30'),
(1247, 203, 'completed', 'Status changed from delivered to completed', 12, '2025-11-09 14:39:53'),
(1248, 203, 'completed', 'Order confirmed received by customer', 12, '2025-11-09 14:39:53'),
(1249, 312, 'processing', 'Status changed from pending to processing', 12, '2025-11-09 14:44:19'),
(1250, 312, 'shipped', 'Status changed from processing to shipped', 12, '2025-11-09 14:44:23'),
(1251, 312, 'delivered', 'Status changed from shipped to delivered', 12, '2025-11-09 14:44:28'),
(1252, 312, 'completed', 'Status changed from delivered to completed', 12, '2025-11-09 14:44:53'),
(1253, 312, 'completed', 'Order confirmed received by customer', 12, '2025-11-09 14:44:53');

-- --------------------------------------------------------

--
-- Table structure for table `password_resets`
--

CREATE TABLE `password_resets` (
  `id` int(11) NOT NULL,
  `user_id` int(11) NOT NULL,
  `token_hash` varchar(64) NOT NULL,
  `expires_at` datetime NOT NULL,
  `created_at` timestamp NOT NULL DEFAULT current_timestamp(),
  `used_at` timestamp NULL DEFAULT NULL
) ENGINE=InnoDB DEFAULT CHARSET=utf8mb4 COLLATE=utf8mb4_general_ci;

--
-- Dumping data for table `password_resets`
--

INSERT INTO `password_resets` (`id`, `user_id`, `token_hash`, `expires_at`, `created_at`, `used_at`) VALUES
(6, 12, 'ff4034ddb21b3ff267757ac9abb4130e22562ad97b792dd0336e721622f07bbc', '2025-10-15 11:13:43', '2025-10-15 08:13:43', NULL);

-- --------------------------------------------------------

--
-- Table structure for table `payments`
--

CREATE TABLE `payments` (
  `id` int(11) NOT NULL,
  `order_id` int(11) DEFAULT NULL,
  `amount` decimal(10,2) NOT NULL,
  `payment_method` varchar(50) DEFAULT NULL,
  `transaction_id` varchar(100) DEFAULT NULL,
  `status` enum('pending','completed','failed') DEFAULT 'pending',
  `created_at` timestamp NOT NULL DEFAULT current_timestamp()
) ENGINE=InnoDB DEFAULT CHARSET=utf8mb4 COLLATE=utf8mb4_general_ci;

-- --------------------------------------------------------

--
-- Table structure for table `payment_transactions`
--

CREATE TABLE `payment_transactions` (
  `id` int(11) NOT NULL,
  `user_id` int(11) NOT NULL,
  `total_amount` decimal(10,2) NOT NULL,
  `payment_method` varchar(50) NOT NULL,
  `payment_status` enum('pending','completed','failed','refunded') DEFAULT 'pending',
  `payment_reference` varchar(255) DEFAULT NULL,
  `paymongo_session_id` varchar(255) DEFAULT NULL,
  `paymongo_payment_id` varchar(255) DEFAULT NULL,
  `shipping_address` text NOT NULL,
  `customer_name` varchar(255) DEFAULT NULL,
  `customer_email` varchar(255) DEFAULT NULL,
  `customer_phone` varchar(255) DEFAULT NULL,
  `created_at` timestamp NOT NULL DEFAULT current_timestamp(),
  `updated_at` timestamp NOT NULL DEFAULT current_timestamp() ON UPDATE current_timestamp(),
  `completed_at` timestamp NULL DEFAULT NULL
) ENGINE=InnoDB DEFAULT CHARSET=utf8mb4 COLLATE=utf8mb4_general_ci;

--
-- Dumping data for table `payment_transactions`
--

INSERT INTO `payment_transactions` (`id`, `user_id`, `total_amount`, `payment_method`, `payment_status`, `payment_reference`, `paymongo_session_id`, `paymongo_payment_id`, `shipping_address`, `customer_name`, `customer_email`, `customer_phone`, `created_at`, `updated_at`, `completed_at`) VALUES
(7, 12, 54241.50, 'gcash', 'completed', 'NUCLEAR_CLEANUP', NULL, NULL, '123 Whatever Dr', 'Drea Mendez', 'heyllama11@gmail.com', '09770490613', '2025-10-05 14:57:31', '2025-10-12 20:16:08', NULL),
(8, 12, 15527.80, 'cod', 'completed', 'NUCLEAR_CLEANUP', NULL, NULL, '123 Whatever Dr', 'Drea Mendez', 'heyllama11@gmail.com', '09770490613', '2025-10-05 14:58:13', '2025-10-12 20:16:08', NULL),
(9, 12, 16233.10, 'cod', 'completed', 'NUCLEAR_CLEANUP', NULL, NULL, '123 Whatever Dr', 'Drea Mendez', 'heyllama11@gmail.com', '09770490613', '2025-10-05 15:01:37', '2025-10-12 20:16:08', NULL),
(10, 12, 12930.52, 'cod', 'completed', 'NUCLEAR_CLEANUP', NULL, NULL, '123 Whatever Dr', 'Drea Mendez', 'heyllama11@gmail.com', '09770490613', '2025-10-05 15:04:14', '2025-10-12 20:16:08', NULL),
(11, 12, 3034.35, 'gcash', 'completed', 'NUCLEAR_CLEANUP', NULL, NULL, '123 Whatever Dr', 'Drea Mendez', 'heyllama11@gmail.com', '09770490613', '2025-10-05 15:38:16', '2025-10-12 20:16:08', NULL),
(12, 12, 3034.35, 'cod', 'completed', 'NUCLEAR_CLEANUP', NULL, NULL, '123 Whatever Dr', 'Drea Mendez', 'heyllama11@gmail.com', '09770490613', '2025-10-05 15:41:34', '2025-10-12 20:16:08', NULL),
(13, 12, 3034.35, 'cod', 'completed', 'NUCLEAR_CLEANUP', NULL, NULL, '123 Whatever Dr', 'Drea Mendez', 'heyllama11@gmail.com', '09770490613', '2025-10-05 15:41:42', '2025-10-12 20:16:08', NULL),
(14, 12, 3034.35, 'gcash', 'completed', 'NUCLEAR_CLEANUP', NULL, NULL, '123 Whatever Dr', 'Drea Mendez', 'heyllama11@gmail.com', '09770490613', '2025-10-05 15:41:54', '2025-10-12 20:16:08', NULL),
(15, 12, 3034.35, 'gcash', 'completed', 'NUCLEAR_CLEANUP', NULL, NULL, '123 Whatever Dr', 'Drea Mendez', 'heyllama11@gmail.com', '09770490613', '2025-10-05 15:42:03', '2025-10-12 20:16:08', NULL),
(16, 12, 3034.35, 'gcash', 'completed', 'NUCLEAR_CLEANUP', NULL, NULL, '123 Whatever Dr', 'Drea Mendez', 'heyllama11@gmail.com', '09770490613', '2025-10-05 15:50:47', '2025-10-12 20:16:08', NULL),
(17, 12, 3034.35, 'gcash', 'completed', 'NUCLEAR_CLEANUP', NULL, NULL, '123 Whatever Dr', 'Drea Mendez', 'heyllama11@gmail.com', '09770490613', '2025-10-05 15:50:50', '2025-10-12 20:16:08', NULL),
(18, 12, 3034.35, 'gcash', 'completed', 'NUCLEAR_CLEANUP', NULL, NULL, '123 Whatever Dr', 'Drea Mendez', 'heyllama11@gmail.com', '09770490613', '2025-10-05 15:50:56', '2025-10-12 20:16:08', NULL),
(19, 12, 3034.35, 'gcash', 'completed', 'NUCLEAR_CLEANUP', NULL, NULL, '123 Whatever Dr', 'Drea Mendez', 'heyllama11@gmail.com', '09770490613', '2025-10-05 17:13:39', '2025-10-12 20:16:08', NULL),
(20, 12, 3034.35, 'paymaya', 'completed', 'NUCLEAR_CLEANUP', NULL, NULL, '123 Whatever Dr', 'Drea Mendez', 'heyllama11@gmail.com', '09770490613', '2025-10-05 17:14:27', '2025-10-12 20:16:08', NULL),
(21, 12, 760.80, 'cod', 'completed', 'NUCLEAR_CLEANUP', NULL, NULL, 'Bacanaya Village, Philippines 8000', 'Drea Mendez', 'heyllama11@gmail.com', '09770490613', '2025-10-08 07:35:52', '2025-10-12 20:16:08', NULL),
(22, 12, 760.80, 'gcash', 'completed', 'SIMULATED_PAYMENT', NULL, NULL, 'Bacanaya Village, Philippines 8000', 'Drea Mendez', 'heyllama11@gmail.com', '09770490613', '2025-10-08 07:37:44', '2025-10-08 07:38:00', '2025-10-08 07:38:00'),
(23, 12, 760.80, 'cod', 'completed', 'NUCLEAR_CLEANUP', NULL, NULL, 'Bacanaya Village, Philippines 8000', 'Drea Mendez', 'heyllama11@gmail.com', '09770490613', '2025-10-08 07:38:55', '2025-10-12 20:16:08', NULL),
(24, 12, 760.80, 'cod', 'completed', 'NUCLEAR_CLEANUP', NULL, NULL, 'Bacanaya Village, Philippines 8000', 'Drea Mendez', 'heyllama11@gmail.com', '09770490613', '2025-10-08 07:40:54', '2025-10-12 20:16:08', NULL),
(25, 12, 760.80, 'gcash', 'completed', 'SIMULATED_PAYMENT', NULL, NULL, 'Bacanaya Village, Philippines 8000', 'Drea Mendez', 'heyllama11@gmail.com', '09770490613', '2025-10-08 07:41:14', '2025-10-08 07:41:17', '2025-10-08 07:41:17'),
(26, 12, 760.80, 'cod', 'completed', 'NUCLEAR_CLEANUP', NULL, NULL, 'Bacanaya Village, Philippines 8000', 'Drea Mendez', 'heyllama11@gmail.com', '09770490613', '2025-10-08 07:41:40', '2025-10-12 20:16:08', NULL),
(27, 12, 760.80, 'paymaya', 'completed', 'SIMULATED_PAYMENT', NULL, NULL, 'Bacanaya Village, Philippines 8000', 'Drea Mendez', 'heyllama11@gmail.com', '09770490613', '2025-10-08 07:41:49', '2025-10-08 07:41:55', '2025-10-08 07:41:55'),
(28, 12, 760.80, 'gcash', 'completed', 'NUCLEAR_CLEANUP', NULL, NULL, 'Bacanaya Village, Philippines 8000', 'Drea Mendez', 'heyllama11@gmail.com', '09770490613', '2025-10-08 07:43:34', '2025-10-12 20:16:08', NULL),
(29, 12, 2934.35, 'cod', 'completed', 'NUCLEAR_CLEANUP', NULL, NULL, 'Bacanaya Village, Philippines 8000', 'Drea Mendez', 'heyllama11@gmail.com', '09770490613', '2025-10-08 09:14:43', '2025-10-12 20:16:08', NULL),
(30, 12, 3083.73, 'cod', 'completed', 'NUCLEAR_CLEANUP', NULL, NULL, 'Bacanaya Village, Philippines 8000', 'Drea Mendez', 'heyllama11@gmail.com', '09770490613', '2025-10-11 10:05:05', '2025-10-12 20:16:08', NULL),
(31, 12, 760.80, 'gcash', 'completed', 'NUCLEAR_CLEANUP', NULL, NULL, 'Bacanaya Village, Philippines 8000', 'Drea Mendez', 'heyllama11@gmail.com', '09770490613', '2025-10-12 18:10:03', '2025-10-12 20:16:08', NULL),
(32, 12, 760.80, 'gcash', 'completed', 'NUCLEAR_CLEANUP', NULL, NULL, 'Bacanaya Village, Philippines 8000', 'Drea Mendez', 'heyllama11@gmail.com', '09770490613', '2025-10-12 18:11:19', '2025-10-12 20:16:08', NULL),
(33, 12, 760.80, 'gcash', 'completed', 'NUCLEAR_CLEANUP', NULL, NULL, 'Bacanaya Village, Philippines 8000', 'Drea Mendez', 'heyllama11@gmail.com', '09770490613', '2025-10-12 18:11:47', '2025-10-12 20:16:08', NULL),
(34, 12, 760.80, 'gcash', 'completed', 'NUCLEAR_CLEANUP', NULL, NULL, 'Bacanaya Village, Philippines 8000', 'Drea Mendez', 'heyllama11@gmail.com', '09770490613', '2025-10-12 18:26:44', '2025-10-12 20:16:08', NULL),
(35, 12, 760.80, 'gcash', 'completed', 'NUCLEAR_CLEANUP', NULL, NULL, 'Bacanaya Village, Philippines 8000', 'Drea Mendez', 'heyllama11@gmail.com', '09770490613', '2025-10-12 18:33:47', '2025-10-12 20:16:08', NULL),
(36, 12, 760.80, 'cod', 'completed', 'NUCLEAR_CLEANUP', NULL, NULL, 'Bacanaya Village, Philippines 8000', 'Drea Mendez', 'heyllama11@gmail.com', '09770490613', '2025-10-12 18:35:33', '2025-10-12 20:16:08', NULL),
(37, 12, 760.80, 'gcash', 'completed', 'NUCLEAR_CLEANUP', NULL, NULL, 'Bacanaya Village, Philippines 8000', 'Drea Mendez', 'heyllama11@gmail.com', '09770490613', '2025-10-12 18:35:44', '2025-10-12 20:16:08', NULL),
(38, 12, 760.80, 'gcash', 'completed', 'NUCLEAR_CLEANUP', NULL, NULL, 'Bacanaya Village, Philippines 8000', 'Drea Mendez', 'heyllama11@gmail.com', '09770490613', '2025-10-12 18:37:11', '2025-10-12 20:16:08', NULL),
(39, 12, 760.80, 'gcash', 'completed', 'NUCLEAR_CLEANUP', NULL, NULL, 'Bacanaya Village, Philippines 8000', 'Drea Mendez', 'heyllama11@gmail.com', '09770490613', '2025-10-12 18:45:42', '2025-10-12 20:16:08', NULL),
(40, 12, 760.80, 'gcash', 'completed', 'NUCLEAR_CLEANUP', NULL, NULL, 'Bacanaya Village, Philippines 8000', 'Drea Mendez', 'heyllama11@gmail.com', '09770490613', '2025-10-12 18:57:00', '2025-10-12 20:16:08', NULL),
(41, 12, 760.80, 'gcash', 'completed', 'NUCLEAR_CLEANUP', NULL, NULL, 'Bacanaya Village, Philippines 8000', 'Drea Mendez', 'heyllama11@gmail.com', '09770490613', '2025-10-12 19:03:35', '2025-10-12 20:16:08', NULL),
(42, 12, 760.80, 'gcash', 'completed', 'NUCLEAR_CLEANUP', NULL, NULL, 'Bacanaya Village, Philippines 8000', 'Drea Mendez', 'heyllama11@gmail.com', '09770490613', '2025-10-12 19:07:14', '2025-10-12 20:16:08', NULL),
(43, 12, 760.80, 'gcash', 'completed', 'NUCLEAR_CLEANUP', NULL, NULL, 'Bacanaya Village, Philippines 8000', 'Drea Mendez', 'heyllama11@gmail.com', '09770490613', '2025-10-12 19:09:54', '2025-10-12 20:16:08', NULL),
(44, 12, 760.80, 'gcash', 'completed', 'NUCLEAR_CLEANUP', NULL, NULL, 'Bacanaya Village, Philippines 8000', 'Drea Mendez', 'heyllama11@gmail.com', '09770490613', '2025-10-12 19:13:02', '2025-10-12 20:16:08', NULL),
(45, 12, 760.80, 'gcash', 'completed', 'NUCLEAR_CLEANUP', NULL, NULL, 'Bacanaya Village, Philippines 8000', 'Drea Mendez', 'heyllama11@gmail.com', '09770490613', '2025-10-12 19:14:54', '2025-10-12 20:16:08', NULL),
(46, 12, 611.42, 'gcash', 'completed', 'NUCLEAR_CLEANUP', NULL, NULL, 'Bacanaya Village, Philippines 8000', 'Drea Mendez', 'heyllama11@gmail.com', '09770490613', '2025-10-12 19:16:43', '2025-10-12 20:16:08', NULL),
(47, 12, 611.42, 'gcash', 'completed', 'NUCLEAR_CLEANUP', NULL, NULL, 'Bacanaya Village, Philippines 8000', 'Drea Mendez', 'heyllama11@gmail.com', '09770490613', '2025-10-12 19:18:16', '2025-10-12 20:16:08', NULL),
(48, 12, 611.42, 'gcash', 'completed', 'NUCLEAR_CLEANUP', NULL, NULL, 'Bacanaya Village, Philippines 8000', 'Drea Mendez', 'heyllama11@gmail.com', '09770490613', '2025-10-12 19:21:04', '2025-10-12 20:16:08', NULL),
(49, 12, 611.42, 'gcash', 'completed', 'NUCLEAR_CLEANUP', NULL, NULL, 'Bacanaya Village, Philippines 8000', 'Drea Mendez', 'heyllama11@gmail.com', '09770490613', '2025-10-12 19:24:42', '2025-10-12 20:16:08', NULL),
(50, 12, 611.42, 'gcash', 'completed', 'NUCLEAR_CLEANUP', NULL, NULL, 'Bacanaya Village, Philippines 8000', 'Drea Mendez', 'heyllama11@gmail.com', '09770490613', '2025-10-12 19:33:12', '2025-10-12 20:16:08', NULL),
(51, 12, 611.42, 'gcash', 'completed', 'NUCLEAR_CLEANUP', NULL, NULL, 'Bacanaya Village, Philippines 8000', 'Drea Mendez', 'heyllama11@gmail.com', '09770490613', '2025-10-12 19:33:53', '2025-10-12 20:16:08', NULL),
(52, 12, 611.42, 'gcash', 'completed', 'NUCLEAR_CLEANUP', NULL, NULL, 'Bacanaya Village, Philippines 8000', 'Drea Mendez', 'heyllama11@gmail.com', '09770490613', '2025-10-12 19:36:44', '2025-10-12 20:16:08', NULL),
(53, 12, 611.42, 'gcash', 'completed', 'NUCLEAR_CLEANUP', NULL, NULL, 'Bacanaya Village, Philippines 8000', 'Drea Mendez', 'heyllama11@gmail.com', '09770490613', '2025-10-12 19:40:56', '2025-10-12 20:16:08', NULL),
(54, 12, 611.42, 'gcash', 'completed', 'NUCLEAR_CLEANUP', NULL, NULL, 'Bacanaya Village, Philippines 8000', 'Drea Mendez', 'heyllama11@gmail.com', '09770490613', '2025-10-12 19:41:51', '2025-10-12 20:16:08', NULL),
(55, 12, 611.42, 'gcash', 'completed', 'NUCLEAR_CLEANUP', NULL, NULL, 'Bacanaya Village, Philippines 8000', 'Drea Mendez', 'heyllama11@gmail.com', '09770490613', '2025-10-12 19:46:40', '2025-10-12 20:16:08', NULL),
(56, 12, 611.42, 'gcash', 'completed', 'NUCLEAR_CLEANUP', NULL, NULL, 'Bacanaya Village, Philippines 8000', 'Drea Mendez', 'heyllama11@gmail.com', '09770490613', '2025-10-12 19:53:33', '2025-10-12 20:16:08', NULL),
(57, 12, 611.42, 'gcash', 'completed', 'NUCLEAR_CLEANUP', NULL, NULL, 'Bacanaya Village, Philippines 8000', 'Drea Mendez', 'heyllama11@gmail.com', '09770490613', '2025-10-12 19:56:49', '2025-10-12 20:16:08', NULL),
(58, 12, 611.42, 'gcash', 'completed', 'NUCLEAR_CLEANUP', NULL, NULL, 'Bacanaya Village, Philippines 8000', 'Drea Mendez', 'heyllama11@gmail.com', '09770490613', '2025-10-12 19:57:19', '2025-10-12 20:16:08', NULL),
(59, 12, 611.42, 'gcash', 'completed', 'NUCLEAR_CLEANUP', NULL, NULL, 'Bacanaya Village, Philippines 8000', 'Drea Mendez', 'heyllama11@gmail.com', '09770490613', '2025-10-12 20:02:20', '2025-10-12 20:16:08', NULL),
(60, 12, 611.42, 'gcash', 'completed', 'NUCLEAR_CLEANUP', NULL, NULL, 'Bacanaya Village, Philippines 8000', 'Drea Mendez', 'heyllama11@gmail.com', '09770490613', '2025-10-12 20:03:34', '2025-10-12 20:16:08', NULL),
(61, 12, 611.42, 'gcash', 'completed', 'NUCLEAR_CLEANUP', NULL, NULL, 'Bacanaya Village, Philippines 8000', 'Drea Mendez', 'heyllama11@gmail.com', '09770490613', '2025-10-12 20:10:06', '2025-10-12 20:16:08', NULL),
(62, 12, 611.42, 'gcash', 'completed', 'NUCLEAR_CLEANUP', NULL, NULL, 'Bacanaya Village, Philippines 8000', 'Drea Mendez', 'heyllama11@gmail.com', '09770490613', '2025-10-12 20:15:50', '2025-10-12 20:16:08', NULL),
(63, 12, 611.42, 'gcash', 'pending', NULL, NULL, NULL, 'Bacanaya Village, Philippines 8000', 'Drea Mendez', 'heyllama11@gmail.com', '09770490613', '2025-10-12 20:19:21', '2025-10-12 20:40:28', NULL),
(64, 12, 611.42, 'gcash', 'pending', NULL, NULL, NULL, 'Bacanaya Village, Philippines 8000', 'Drea Mendez', 'heyllama11@gmail.com', '09770490613', '2025-10-12 20:22:39', '2025-10-12 20:40:28', NULL),
(65, 12, 611.42, 'paymongo', 'pending', NULL, NULL, NULL, 'Bacanaya Village, Philippines 8000', 'Drea Mendez', 'heyllama11@gmail.com', '09770490613', '2025-10-12 20:28:10', '2025-10-12 20:40:28', NULL),
(66, 12, 611.42, 'gcash', 'pending', NULL, NULL, NULL, 'Bacanaya Village, Philippines 8000', 'Drea Mendez', 'heyllama11@gmail.com', '09770490613', '2025-10-12 20:33:26', '2025-10-12 20:40:28', NULL),
(67, 12, 611.42, 'paymongo', 'pending', NULL, NULL, NULL, 'Bacanaya Village, Philippines 8000', 'Drea Mendez', 'heyllama11@gmail.com', '09770490613', '2025-10-12 20:33:33', '2025-10-12 20:40:28', NULL),
(68, 12, 611.42, 'gcash', 'pending', NULL, NULL, NULL, 'Bacanaya Village, Philippines 8000', 'Drea Mendez', 'heyllama11@gmail.com', '09770490613', '2025-10-12 20:33:42', '2025-10-12 20:43:29', NULL),
(69, 12, 611.42, 'paymongo', 'pending', NULL, NULL, NULL, 'Bacanaya Village, Philippines 8000', 'Drea Mendez', 'heyllama11@gmail.com', '09770490613', '2025-10-12 20:40:53', '2025-10-12 20:40:53', NULL),
(70, 12, 611.42, 'paymongo', 'pending', NULL, NULL, NULL, 'Bacanaya Village, Philippines 8000', 'Drea Mendez', 'heyllama11@gmail.com', '09770490613', '2025-10-12 20:40:59', '2025-10-12 20:40:59', NULL),
(71, 12, 611.42, 'paymongo', 'pending', NULL, NULL, NULL, 'Bacanaya Village, Philippines 8000', 'Drea Mendez', 'heyllama11@gmail.com', '09770490613', '2025-10-12 20:41:26', '2025-10-12 20:41:26', NULL),
(72, 12, 611.42, 'paymongo', 'pending', NULL, NULL, NULL, 'Bacanaya Village, Philippines 8000', 'Drea Mendez', 'heyllama11@gmail.com', '09770490613', '2025-10-12 20:42:50', '2025-10-12 20:42:50', NULL),
(73, 12, 1562.13, 'paymongo', 'pending', NULL, NULL, NULL, 'Bacanaya Village, Philippines 8000', 'Drea Mendez', 'heyllama11@gmail.com', '09770490613', '2025-10-12 20:43:53', '2025-10-12 20:43:53', NULL),
(74, 12, 1562.13, 'gcash', 'pending', NULL, NULL, NULL, 'Bacanaya Village, Philippines 8000', 'Drea Mendez', 'heyllama11@gmail.com', '09770490613', '2025-10-13 01:52:30', '2025-10-13 01:52:30', NULL),
(75, 12, 1562.13, 'gcash', 'pending', NULL, NULL, NULL, 'Bacanaya Village, Philippines 8000', 'Drea Mendez', 'heyllama11@gmail.com', '09770490613', '2025-10-13 01:55:18', '2025-10-13 01:55:18', NULL),
(76, 12, 1562.13, 'gcash', 'pending', NULL, NULL, NULL, 'Bacanaya Village, Philippines 8000', 'Drea Mendez', 'heyllama11@gmail.com', '09770490613', '2025-10-13 01:55:20', '2025-10-13 01:55:20', NULL),
(77, 12, 1562.13, 'gcash', 'pending', NULL, NULL, NULL, 'Bacanaya Village, Philippines 8000', 'Drea Mendez', 'heyllama11@gmail.com', '09770490613', '2025-10-13 01:55:27', '2025-10-13 01:55:27', NULL),
(78, 12, 1562.13, 'gcash', 'pending', NULL, NULL, NULL, 'Bacanaya Village, Philippines 8000', 'Drea Mendez', 'heyllama11@gmail.com', '09770490613', '2025-10-13 01:56:15', '2025-10-13 01:56:15', NULL),
(79, 12, 1562.13, 'billease', 'pending', NULL, NULL, NULL, 'Bacanaya Village, Philippines 8000', 'Drea Mendez', 'heyllama11@gmail.com', '09770490613', '2025-10-13 02:22:23', '2025-10-13 02:22:23', NULL),
(80, 12, 2934.35, 'cod', 'pending', NULL, NULL, NULL, 'Bacanaya Village, Philippines 8000', 'Drea Mendez', 'heyllama11@gmail.com', '09770490613', '2025-10-13 02:25:56', '2025-10-13 02:25:56', NULL),
(81, 12, 2934.35, 'gcash', 'pending', NULL, NULL, NULL, 'Bacanaya Village, Philippines 8000', 'Drea Mendez', 'heyllama11@gmail.com', '09770490613', '2025-10-13 02:26:39', '2025-10-13 02:26:39', NULL),
(82, 12, 2934.35, 'paymaya', 'pending', NULL, NULL, NULL, 'Bacanaya Village, Philippines 8000', 'Drea Mendez', 'heyllama11@gmail.com', '09770490613', '2025-10-13 02:28:50', '2025-10-13 02:28:50', NULL),
(83, 12, 2934.35, 'cod', 'pending', NULL, NULL, NULL, 'Bacanaya Village, Philippines 8000', 'Drea Mendez', 'heyllama11@gmail.com', '09770490613', '2025-10-13 02:34:12', '2025-10-13 02:34:12', NULL),
(84, 12, 2934.35, 'cod', 'pending', NULL, NULL, NULL, 'Bacanaya Village, Philippines 8000', 'Drea Mendez', 'heyllama11@gmail.com', '09770490613', '2025-10-13 02:37:24', '2025-10-13 02:37:24', NULL),
(85, 12, 2934.35, 'cod', 'pending', NULL, NULL, NULL, 'Bacanaya Village, Philippines 8000', 'Drea Mendez', 'heyllama11@gmail.com', '09770490613', '2025-10-13 02:48:56', '2025-10-13 02:48:56', NULL),
(86, 12, 190.00, 'cod', 'pending', NULL, NULL, NULL, 'Bacanaya Village, Philippines 8000', 'Drea Mendez', 'heyllama11@gmail.com', '09770490613', '2025-10-13 02:58:51', '2025-10-13 02:58:51', NULL),
(87, 12, 190.00, 'cod', 'pending', NULL, NULL, NULL, 'Bacanaya Village, Philippines 8000', 'Drea Mendez', 'heyllama11@gmail.com', '09770490613', '2025-10-13 03:00:07', '2025-10-13 03:00:07', NULL),
(88, 12, 190.00, 'gcash', 'pending', NULL, NULL, NULL, 'Bacanaya Village, Philippines 8000', 'Drea Mendez', 'heyllama11@gmail.com', '09770490613', '2025-10-13 03:00:31', '2025-10-13 03:00:31', NULL),
(89, 12, 190.00, 'cod', 'pending', NULL, NULL, NULL, 'Bacanaya Village, Philippines 8000', 'Drea Mendez', 'heyllama11@gmail.com', '09770490613', '2025-10-13 03:03:18', '2025-10-13 03:03:18', NULL),
(90, 12, 190.00, 'cod', 'pending', NULL, NULL, NULL, 'Bacanaya Village, Philippines 8000', 'Drea Mendez', 'heyllama11@gmail.com', '09770490613', '2025-10-13 03:05:26', '2025-10-13 03:05:26', NULL),
(91, 12, 190.00, 'gcash', 'pending', NULL, NULL, NULL, 'Bacanaya Village, Philippines 8000', 'Drea Mendez', 'heyllama11@gmail.com', '09770490613', '2025-10-13 03:06:17', '2025-10-13 03:06:17', NULL),
(92, 12, 760.80, 'cod', 'pending', NULL, NULL, NULL, 'Bacanaya Village, Philippines 8000', 'Drea Mendez', 'heyllama11@gmail.com', '09770490613', '2025-10-13 03:11:57', '2025-10-13 03:11:57', NULL),
(93, 12, 2322.93, 'gcash', 'pending', NULL, NULL, NULL, 'Bacanaya Village, Philippines 8000', 'Drea Mendez', 'heyllama11@gmail.com', '09770490613', '2025-10-13 04:59:28', '2025-10-13 04:59:28', NULL),
(94, 12, 760.80, 'cod', 'pending', NULL, NULL, NULL, 'Bacanaya Village, Philippines 8000', 'Drea Mendez', 'heyllama11@gmail.com', '09770490613', '2025-10-13 05:03:57', '2025-10-13 05:03:57', NULL),
(95, 12, 190.00, 'gcash', 'pending', NULL, NULL, NULL, 'Bacanaya Village, Philippines 8000', 'Drea Mendez', 'heyllama11@gmail.com', '09770490613', '2025-10-13 05:04:24', '2025-10-13 05:04:24', NULL),
(96, 12, 760.80, 'cod', 'pending', NULL, NULL, NULL, 'Bacanaya Village, Philippines 8000', 'Drea Mendez', 'heyllama11@gmail.com', '09770490613', '2025-10-13 05:08:14', '2025-10-13 05:08:14', NULL),
(97, 12, 2322.93, 'gcash', 'pending', NULL, NULL, NULL, 'Bacanaya Village, Philippines 8000', 'Drea Mendez', 'heyllama11@gmail.com', '09770490613', '2025-10-15 08:19:39', '2025-10-15 08:19:39', NULL),
(98, 12, 2273.64, 'gcash', 'pending', NULL, NULL, NULL, 'Bacanaya Village, Philippines 8000', 'Drea Mendez', 'heyllama11@gmail.com', '09770490613', '2025-10-16 08:28:51', '2025-10-16 08:28:51', NULL),
(99, 12, 1562.13, 'cod', 'pending', NULL, NULL, NULL, 'Bacanaya Village, Philippines 8000', 'Drea Mendez', 'heyllama11@gmail.com', '09770490613', '2025-10-16 08:50:54', '2025-10-16 08:50:54', NULL),
(100, 12, 760.80, 'paymaya', 'pending', NULL, NULL, NULL, 'Bacanaya Village, Philippines 8000', 'Drea Mendez', 'heyllama11@gmail.com', '09770490613', '2025-10-16 08:56:13', '2025-10-16 08:56:13', NULL),
(101, 12, 760.80, 'gcash', 'pending', NULL, NULL, NULL, 'Bacanaya Village, Philippines 8000', 'Drea Mendez', 'heyllama11@gmail.com', '09770490613', '2025-10-16 09:10:58', '2025-10-16 09:10:58', NULL),
(102, 12, 3238.32, 'card', 'pending', NULL, NULL, NULL, 'Bacanaya Village, Philippines 8000', 'Drea Mendez', 'heyllama11@gmail.com', '09770490613', '2025-10-21 20:55:21', '2025-10-21 20:55:21', NULL),
(103, 12, 589.00, 'cod', 'pending', NULL, NULL, NULL, 'Bacanaya Village, Philippines 8000', 'Drea Mendez', 'heyllama11@gmail.com', '09770490613', '2025-10-22 06:36:12', '2025-10-22 06:36:12', NULL),
(104, 12, 3489.13, 'cod', 'pending', NULL, NULL, NULL, 'Bacanaya Village, Philippines 8000', 'Drea Mendez', 'heyllama11@gmail.com', '09770490613', '2025-10-22 06:48:27', '2025-10-22 06:48:27', NULL),
(105, 12, 3299.13, 'card', 'pending', NULL, NULL, NULL, 'Bacanaya Village, Philippines 8000', 'Drea Mendez', 'heyllama11@gmail.com', '09770490613', '2025-10-23 08:36:39', '2025-10-23 08:36:39', NULL),
(106, 12, 915.39, 'cod', 'pending', NULL, NULL, NULL, 'Bacanaya Village, Philippines 8000', 'Drea Mendez', 'heyllama11@gmail.com', '09770490613', '2025-10-23 08:44:02', '2025-10-23 08:44:02', NULL),
(107, 12, 694.79, 'cod', 'pending', NULL, NULL, NULL, 'Bacanaya Village, Philippines 8000', 'Drea Mendez', 'heyllama11@gmail.com', '09770490613', '2025-10-23 09:07:18', '2025-10-23 09:07:18', NULL),
(108, 12, 611.42, 'gcash', 'pending', NULL, NULL, NULL, 'Bacanaya Village, Philippines 8000', 'Drea Mendez', 'heyllama11@gmail.com', '09770490613', '2025-10-23 09:14:57', '2025-10-23 09:14:57', NULL),
(109, 9, 4524.53, 'cod', 'pending', NULL, NULL, NULL, 'AddressAddressAddressAddressAddress', 'Step Stepin', 'jhon_gujol@sjp2cd.edu.ph', '123123', '2025-10-23 23:17:56', '2025-10-23 23:17:56', NULL),
(119, 9, 190.00, 'cod', 'pending', NULL, NULL, NULL, 'AddressAddressAddressAddressAddress', 'Step Stepin', 'jhon_gujol@sjp2cd.edu.ph', '123123', '2025-10-24 01:42:39', '2025-10-24 01:42:39', NULL),
(120, 9, 100.00, 'cod', 'pending', NULL, NULL, NULL, 'AddressAddressAddressAddressAddress', 'Step Stepin', 'jhon_gujol@sjp2cd.edu.ph', '123123', '2025-10-24 01:48:05', '2025-10-24 01:48:05', NULL),
(121, 9, 1521.60, 'gcash', 'pending', NULL, NULL, NULL, 'AddressAddressAddressAddressAddress', 'Step Stepin', 'jhon_gujol@sjp2cd.edu.ph', '123123', '2025-10-24 07:29:57', '2025-10-24 07:29:57', NULL),
(122, 9, 8136.61, 'cod', 'pending', NULL, NULL, NULL, 'AddressAddressAddressAddressAddress', 'Step Stepin', 'jhon_gujol@sjp2cd.edu.ph', '123123', '2025-10-24 13:27:43', '2025-10-24 13:27:43', NULL),
(123, 9, 4059.93, 'cod', 'pending', NULL, NULL, NULL, 'AddressAddressAddressAddressAddress', 'Step Stepin', 'jhon_gujol@sjp2cd.edu.ph', '123123', '2025-10-29 10:36:01', '2025-10-29 10:36:01', NULL),
(124, 9, 120.00, 'cod', 'pending', NULL, NULL, NULL, 'AddressAddressAddressAddressAddress', 'Step Stepin', 'jhon_gujol@sjp2cd.edu.ph', '123123', '2025-10-29 11:03:16', '2025-10-29 11:03:16', NULL),
(125, 9, 400.00, 'cod', 'pending', NULL, NULL, NULL, 'AddressAddressAddressAddressAddress', 'Step Stepin', 'jhon_gujol@sjp2cd.edu.ph', '123123', '2025-10-29 11:50:30', '2025-10-29 11:50:30', NULL),
(126, 9, 400.00, 'cod', 'pending', NULL, NULL, NULL, 'AddressAddressAddressAddressAddress', 'Step Stepin', 'jhon_gujol@sjp2cd.edu.ph', '123123', '2025-10-29 11:50:55', '2025-10-29 11:50:55', NULL),
(127, 9, 320.00, 'cod', 'pending', NULL, NULL, NULL, 'AddressAddressAddressAddressAddress', 'Step Stepin', 'jhon_gujol@sjp2cd.edu.ph', '123123', '2025-10-29 15:19:41', '2025-10-29 15:19:41', NULL),
(128, 9, 220.00, 'cod', 'pending', NULL, NULL, NULL, 'AddressAddressAddressAddressAddress', 'Step Stepin', 'jhon_gujol@sjp2cd.edu.ph', '123123', '2025-10-30 12:08:54', '2025-10-30 12:08:54', NULL),
(129, 9, 90.00, 'cod', 'pending', NULL, NULL, NULL, 'AddressAddressAddressAddressAddress', 'Step Stepin', 'jhon_gujol@sjp2cd.edu.ph', '123123', '2025-10-30 15:12:28', '2025-10-30 15:12:28', NULL),
(130, 12, 711.42, 'gcash', 'pending', NULL, NULL, NULL, 'Bacanaya Village, Philippines 8000', 'Drea Mendez', 'heyllama11@gmail.com', '09770490613', '2025-11-01 07:24:44', '2025-11-01 07:24:44', NULL),
(131, 12, 100.00, 'paymaya', 'pending', NULL, NULL, NULL, 'Bacanaya Village, Philippines 8000', 'Drea Mendez', 'heyllama11@gmail.com', '09770490613', '2025-11-02 20:21:07', '2025-11-02 20:21:07', NULL),
(132, 12, 500.00, 'gcash', 'pending', NULL, NULL, NULL, 'Bacanaya Village, Philippines 8000', 'Drea Mendez', 'heyllama11@gmail.com', '09770490613', '2025-11-05 08:46:57', '2025-11-05 08:46:57', NULL),
(133, 12, 120.00, 'card', 'pending', NULL, NULL, NULL, 'Bacanaya Village, Philippines 8000', 'Drea Mendez', 'heyllama11@gmail.com', '09770490613', '2025-11-06 11:27:28', '2025-11-06 11:27:28', NULL),
(134, 12, 749.00, 'gcash', 'pending', NULL, NULL, NULL, 'Bacanaya Village, Philippines 8000', 'Drea Mendez', 'heyllama11@gmail.com', '09770490613', '2025-11-06 22:57:20', '2025-11-06 22:57:20', NULL),
(135, 12, 749.00, 'paymaya', 'pending', NULL, NULL, NULL, 'Bacanaya Village, Philippines 8000', 'Drea Mendez', 'heyllama11@gmail.com', '09770490613', '2025-11-06 22:58:20', '2025-11-06 22:58:20', NULL),
(136, 12, 449.00, 'gcash', 'pending', NULL, NULL, NULL, 'Bacanaya Village, Philippines 8000', 'Drea Mendez', 'heyllama11@gmail.com', '09770490613', '2025-11-07 05:35:44', '2025-11-07 05:35:44', NULL),
(137, 12, 449.00, 'gcash', 'pending', NULL, NULL, NULL, 'Bacanaya Village, Philippines 8000', 'Drea Mendez', 'heyllama11@gmail.com', '09770490613', '2025-11-07 05:35:56', '2025-11-07 05:35:56', NULL),
(138, 12, 449.00, 'paymaya', 'pending', NULL, NULL, NULL, 'Bacanaya Village, Philippines 8000', 'Drea Mendez', 'heyllama11@gmail.com', '09770490613', '2025-11-07 05:37:39', '2025-11-07 05:37:39', NULL),
(139, 12, 400.00, 'gcash', 'pending', NULL, NULL, NULL, 'Bacanaya Village, Philippines 8000', 'Drea Mendez', 'heyllama11@gmail.com', '09770490613', '2025-11-07 05:40:21', '2025-11-07 05:40:21', NULL),
(140, 12, 700.00, 'grab_pay', 'pending', NULL, NULL, NULL, 'Bacanaya Village, Philippines 8000', 'Drea Mendez', 'heyllama11@gmail.com', '09770490613', '2025-11-07 05:40:33', '2025-11-07 05:40:33', NULL),
(141, 12, 1143.79, 'paymaya', 'pending', NULL, NULL, NULL, 'Bacanaya Village, Philippines 8000', 'Drea Mendez', 'heyllama11@gmail.com', '09770490613', '2025-11-07 05:41:08', '2025-11-07 05:41:08', NULL),
(142, 12, 1143.79, 'gcash', 'pending', NULL, NULL, NULL, 'Bacanaya Village, Philippines 8000', 'Drea Mendez', 'heyllama11@gmail.com', '09770490613', '2025-11-07 05:46:31', '2025-11-07 05:46:31', NULL),
(143, 12, 120.00, 'grab_pay', 'pending', NULL, NULL, NULL, 'Bacanaya Village, Philippines 8000', 'Drea Mendez', 'heyllama11@gmail.com', '09770490613', '2025-11-07 05:47:01', '2025-11-07 05:47:01', NULL),
(144, 12, 611.42, 'gcash', 'pending', NULL, NULL, NULL, 'Bacanaya Village, Philippines 8000', 'Drea Mendez', 'heyllama11@gmail.com', '09770490613', '2025-11-07 05:47:45', '2025-11-07 05:47:45', NULL),
(145, 12, 300.00, 'billease', 'pending', NULL, NULL, NULL, 'Bacanaya Village, Philippines 8000', 'Drea Mendez', 'heyllama11@gmail.com', '09770490613', '2025-11-07 05:48:06', '2025-11-07 05:48:06', NULL),
(146, 12, 915.39, 'grab_pay', 'pending', NULL, NULL, NULL, 'Bacanaya Village, Philippines 8000', 'Drea Mendez', 'heyllama11@gmail.com', '09770490613', '2025-11-07 05:48:25', '2025-11-07 05:48:25', NULL),
(147, 12, 915.39, 'gcash', 'pending', NULL, NULL, NULL, 'Bacanaya Village, Philippines 8000', 'Drea Mendez', 'heyllama11@gmail.com', '09770490613', '2025-11-07 05:56:15', '2025-11-07 05:56:15', NULL),
(148, 12, 915.39, 'paymaya', 'pending', NULL, NULL, NULL, 'Bacanaya Village, Philippines 8000', 'Drea Mendez', 'heyllama11@gmail.com', '09770490613', '2025-11-07 05:56:30', '2025-11-07 05:56:30', NULL),
(149, 12, 915.39, 'gcash', 'pending', NULL, NULL, NULL, 'Bacanaya Village, Philippines 8000', 'Drea Mendez', 'heyllama11@gmail.com', '09770490613', '2025-11-07 05:58:48', '2025-11-07 05:58:48', NULL),
(150, 12, 915.39, 'gcash', 'pending', NULL, NULL, NULL, 'Bacanaya Village, Philippines 8000', 'Drea Mendez', 'heyllama11@gmail.com', '09770490613', '2025-11-07 05:59:15', '2025-11-07 05:59:15', NULL),
(151, 12, 915.39, 'billease', 'pending', NULL, NULL, NULL, 'Bacanaya Village, Philippines 8000', 'Drea Mendez', 'heyllama11@gmail.com', '09770490613', '2025-11-07 06:00:13', '2025-11-07 06:00:13', NULL),
(152, 12, 1215.39, 'paymaya', 'pending', NULL, NULL, NULL, 'Bacanaya Village, Philippines 8000', 'Drea Mendez', 'heyllama11@gmail.com', '09770490613', '2025-11-07 06:00:39', '2025-11-07 06:00:39', NULL),
(153, 12, 1215.39, 'gcash', 'pending', NULL, NULL, NULL, 'Bacanaya Village, Philippines 8000', 'Drea Mendez', 'heyllama11@gmail.com', '09770490613', '2025-11-07 06:01:31', '2025-11-07 06:01:31', NULL),
(154, 12, 1215.39, 'gcash', 'pending', NULL, NULL, NULL, 'Bacanaya Village, Philippines 8000', 'Drea Mendez', 'heyllama11@gmail.com', '09770490613', '2025-11-07 06:02:19', '2025-11-07 06:02:19', NULL),
(155, 12, 1562.13, 'gcash', 'pending', NULL, NULL, NULL, 'Bacanaya Village, Philippines 8000', 'Drea Mendez', 'heyllama11@gmail.com', '09770490613', '2025-11-07 06:03:02', '2025-11-07 06:03:02', NULL),
(156, 12, 1562.13, 'cod', 'pending', NULL, NULL, NULL, 'Bacanaya Village, Philippines 8000', 'Drea Mendez', 'heyllama11@gmail.com', '09770490613', '2025-11-07 06:03:21', '2025-11-07 06:03:21', NULL),
(157, 12, 120.00, 'paymaya', 'pending', NULL, NULL, NULL, 'Bacanaya Village, Philippines 8000', 'Drea Mendez', 'heyllama11@gmail.com', '09770490613', '2025-11-07 06:04:46', '2025-11-07 06:04:46', NULL),
(158, 12, 120.00, 'gcash', 'pending', NULL, NULL, NULL, 'Bacanaya Village, Philippines 8000', 'Drea Mendez', 'heyllama11@gmail.com', '09770490613', '2025-11-07 06:07:26', '2025-11-07 06:07:26', NULL),
(159, 12, 420.00, 'paymaya', 'pending', NULL, NULL, NULL, 'Bacanaya Village, Philippines 8000', 'Drea Mendez', 'heyllama11@gmail.com', '09770490613', '2025-11-07 06:07:49', '2025-11-07 06:07:49', NULL),
(160, 12, 520.00, 'paymaya', 'pending', NULL, NULL, NULL, 'Bacanaya Village, Philippines 8000', 'Drea Mendez', 'heyllama11@gmail.com', '09770490613', '2025-11-07 06:15:31', '2025-11-07 06:15:31', NULL),
(161, 12, 520.00, 'gcash', 'pending', NULL, NULL, NULL, 'Bacanaya Village, Philippines 8000', 'Drea Mendez', 'heyllama11@gmail.com', '09770490613', '2025-11-07 06:20:08', '2025-11-07 06:20:08', NULL),
(162, 12, 420.00, 'paymaya', 'pending', NULL, NULL, NULL, 'Bacanaya Village, Philippines 8000', 'Drea Mendez', 'heyllama11@gmail.com', '09770490613', '2025-11-07 06:31:34', '2025-11-07 06:31:34', NULL),
(163, 12, 420.00, 'paymaya', 'pending', NULL, NULL, NULL, 'Bacanaya Village, Philippines 8000', 'Drea Mendez', 'heyllama11@gmail.com', '09770490613', '2025-11-07 06:32:44', '2025-11-07 06:32:44', NULL),
(164, 12, 420.00, 'paymaya', 'pending', NULL, NULL, NULL, 'Bacanaya Village, Philippines 8000', 'Drea Mendez', 'heyllama11@gmail.com', '09770490613', '2025-11-07 06:35:05', '2025-11-07 06:35:05', NULL),
(165, 12, 420.00, 'grab_pay', 'pending', NULL, NULL, NULL, 'Bacanaya Village, Philippines 8000', 'Drea Mendez', 'heyllama11@gmail.com', '09770490613', '2025-11-07 06:37:42', '2025-11-07 06:37:42', NULL),
(166, 12, 420.00, 'cod', 'pending', NULL, NULL, NULL, 'Bacanaya Village, Philippines 8000', 'Drea Mendez', 'heyllama11@gmail.com', '09770490613', '2025-11-07 06:38:26', '2025-11-07 06:38:26', NULL),
(167, 12, 300.00, 'paymaya', 'pending', NULL, NULL, NULL, 'Bacanaya Village, Philippines 8000', 'Drea Mendez', 'heyllama11@gmail.com', '09770490613', '2025-11-07 06:42:25', '2025-11-07 06:42:25', NULL),
(168, 12, 300.00, 'paymaya', 'pending', NULL, 'cW86aCdgkVRsD73GJ76Zo8hi', NULL, 'Bacanaya Village, Philippines 8000', 'Drea Mendez', 'heyllama11@gmail.com', '09770490613', '2025-11-07 06:58:58', '2025-11-07 06:58:58', NULL),
(169, 12, 390.00, 'grab_pay', 'pending', NULL, 'Yn6Mi2XW84RyKoJngYSYmWuh', NULL, 'Bacanaya Village, Philippines 8000', 'Drea Mendez', 'heyllama11@gmail.com', '09770490613', '2025-11-07 07:12:52', '2025-11-07 07:12:52', NULL),
(170, 12, 390.00, 'paymaya', 'pending', NULL, 'zgvaAwqyieE7L5LrWF4PdLTU', NULL, 'Bacanaya Village, Philippines 8000', 'Drea Mendez', 'heyllama11@gmail.com', '09770490613', '2025-11-07 20:11:24', '2025-11-07 20:11:25', NULL),
(171, 12, 390.00, 'gcash', 'pending', NULL, 'Buojgbyo9qPMWWdpY5HhYBHE', NULL, 'Bacanaya Village, Philippines 8000', 'Drea Mendez', 'heyllama11@gmail.com', '09770490613', '2025-11-07 20:12:37', '2025-11-07 20:12:37', NULL),
(172, 12, 390.00, 'paymaya', 'pending', NULL, 'zzFfkLKF82Kbw8FWarXboMpZ', NULL, 'Bacanaya Village, Philippines 8000', 'Drea Mendez', 'heyllama11@gmail.com', '09770490613', '2025-11-07 20:13:13', '2025-11-07 20:13:14', NULL),
(173, 12, 390.00, 'paymaya', 'pending', NULL, 'RqsTmTMXfbVZAoe2uwhKypEq', NULL, 'Bacanaya Village, Philippines 8000', 'Drea Mendez', 'heyllama11@gmail.com', '09770490613', '2025-11-07 20:20:45', '2025-11-07 20:20:45', NULL),
(174, 12, 390.00, 'gcash', 'pending', NULL, 'tYk92fxqeevsBYRuuJUEfJJQ', NULL, 'Bacanaya Village, Philippines 8000', 'Drea Mendez', 'heyllama11@gmail.com', '09770490613', '2025-11-07 20:30:07', '2025-11-07 20:30:08', NULL),
(175, 12, 390.00, 'paymaya', 'completed', NULL, 'Th2iFRZwMio8eiRZAWxdtBrB', NULL, 'Bacanaya Village, Philippines 8000', 'Drea Mendez', 'heyllama11@gmail.com', '09770490613', '2025-11-07 20:36:10', '2025-11-07 20:36:19', NULL),
(176, 12, 300.00, 'paymaya', 'failed', NULL, 'fpicipPkvX5Rhw1mrzEw1oAw', NULL, 'Bacanaya Village, Philippines 8000', 'Drea Mendez', 'heyllama11@gmail.com', '09770490613', '2025-11-07 20:37:00', '2025-11-07 20:37:03', NULL),
(177, 12, 300.00, 'gcash', 'failed', NULL, 'DkpygWGzs9F97HRaUD5Qd455', NULL, 'Bacanaya Village, Philippines 8000', 'Drea Mendez', 'heyllama11@gmail.com', '09770490613', '2025-11-07 20:38:43', '2025-11-07 20:38:45', NULL),
(178, 12, 300.00, 'paymaya', 'failed', NULL, 'ZceMkqWfiVaFmZ6wwHYyA7RZ', NULL, 'Bacanaya Village, Philippines 8000', 'Drea Mendez', 'heyllama11@gmail.com', '09770490613', '2025-11-07 20:46:26', '2025-11-07 20:46:31', NULL),
(179, 12, 300.00, 'grab_pay', 'completed', NULL, 'ss2m41XR7MZ5gXpRukhHSa9Y', NULL, 'Bacanaya Village, Philippines 8000', 'Drea Mendez', 'heyllama11@gmail.com', '09770490613', '2025-11-07 20:46:36', '2025-11-07 20:46:45', NULL),
(180, 12, 3299.13, 'billease', 'completed', NULL, 'LRYmBpua9s2WUVWhUBedxkRb', NULL, 'Bacanaya Village, Philippines 8000', 'Drea Mendez', 'heyllama11@gmail.com', '09770490613', '2025-11-08 05:27:20', '2025-11-08 05:27:37', NULL),
(181, 12, 90.00, 'gcash', 'completed', NULL, 'sKoJ4pGHWEaseNiRnPbYgoRc', NULL, 'Bacanaya Village, Philippines 8000', 'Drea Mendez', 'heyllama11@gmail.com', '09770490613', '2025-11-08 05:30:31', '2025-11-08 05:30:39', NULL),
(182, 12, 300.00, 'gcash', 'completed', NULL, 'wa9ffPEhRgVrv1u6oFaFwrCA', NULL, 'Bacanaya Village, Philippines 8000', 'Drea Mendez', 'heyllama11@gmail.com', '09770490613', '2025-11-09 09:58:44', '2025-11-09 09:58:55', NULL),
(183, 12, 749.00, 'paymaya', 'completed', NULL, '17v4H5xfZ6d36haS648XSXdf', NULL, 'Bacanaya Village, Philippines 8000', 'Drea Mendez', 'heyllama11@gmail.com', '09770490613', '2025-11-09 10:08:21', '2025-11-09 10:08:31', NULL),
(184, 12, 100.00, 'paymaya', 'failed', NULL, 'qARc31jR96HP7gKTrdq4uDvz', NULL, 'Bacanaya Village, Philippines 8000', 'Drea Mendez', 'heyllama11@gmail.com', '09770490613', '2025-11-09 10:51:12', '2025-11-09 10:51:15', NULL),
(185, 12, 449.00, 'billease', 'completed', NULL, 'whQvjLsaJNymwhShexkuAvxc', NULL, 'Bacanaya Village, Philippines 8000', 'Drea Mendez', 'heyllama11@gmail.com', '09770490613', '2025-11-09 14:00:59', '2025-11-09 14:01:09', NULL),
(186, 12, 760.80, 'gcash', 'completed', NULL, 'jxx2NF2agUfp6zgEVQCqjz26', NULL, 'Bacanaya Village, Philippines 8000', 'Drea Mendez', 'heyllama11@gmail.com', '09770490613', '2025-11-09 14:43:35', '2025-11-09 14:43:45', NULL),
(187, 12, 12.00, 'paymaya', 'completed', NULL, 'QjqPWAJCbaKzNDJHgeHPmQuX', NULL, 'Bacanaya Village, Philippines 8000', 'Drea Mendez', 'heyllama11@gmail.com', '09770490613', '2025-11-10 00:36:18', '2025-11-10 00:36:27', NULL),
(188, 12, 915.39, 'grab_pay', 'completed', NULL, 'JJKjPuzz34rag3KQqWDxV4LM', NULL, 'Bacanaya Village, Philippines 8000', 'Drea Mendez', 'heyllama11@gmail.com', '09770490613', '2025-11-10 02:49:42', '2025-11-10 02:49:50', NULL),
(189, 12, 12.00, 'gcash', 'completed', NULL, 'ws4PniutSGJK1eR5MD6hsXzE', NULL, 'Bacanaya Village, Philippines 8000', 'Drea Mendez', 'heyllama11@gmail.com', '09770490613', '2025-11-10 02:53:27', '2025-11-10 02:53:36', NULL);

-- --------------------------------------------------------

--
-- Table structure for table `products`
--

CREATE TABLE `products` (
  `name` varchar(255) NOT NULL,
  `description` text DEFAULT NULL,
  `price` decimal(10,2) NOT NULL,
  `category_id` int(11) DEFAULT NULL,
  `seller_id` int(11) DEFAULT NULL,
  `stock_quantity` int(11) NOT NULL DEFAULT 0,
  `image_url` varchar(255) DEFAULT NULL,
  `rating` decimal(3,2) DEFAULT 0.00,
  `review_count` int(11) DEFAULT 0,
  `status` enum('pending','active','inactive','suspended','rejected') DEFAULT 'pending',
  `admin_notes` text DEFAULT NULL,
  `created_at` timestamp NOT NULL DEFAULT current_timestamp(),
  `sku` varchar(100) DEFAULT NULL,
  `id` int(10) UNSIGNED NOT NULL
) ENGINE=InnoDB DEFAULT CHARSET=utf8mb4 COLLATE=utf8mb4_general_ci;

--
-- Dumping data for table `products`
--

INSERT INTO `products` (`name`, `description`, `price`, `category_id`, `seller_id`, `stock_quantity`, `image_url`, `rating`, `review_count`, `status`, `admin_notes`, `created_at`, `sku`, `id`) VALUES
('Pyrethrum', 'Pyrethrum insect spray', 400.00, 106, 7, 70, 'assets/uploads/1761734531_Pyrethrum.jpg', 0.00, 0, 'active', NULL, '2025-10-29 10:42:11', NULL, 1),
('piste', 'para sa UKUK', 1233.00, 1, 1, 4, 'assets/uploads/1756610072_133841685866127902.jpg', 0.00, 0, 'rejected', NULL, '2025-08-31 03:14:32', NULL, 2),
('pistee', '123', 1233.00, 1, 1, 5, 'assets/uploads/1756633133_133841685866127902.jpg', 0.00, 0, 'inactive', NULL, '2025-08-31 09:38:53', NULL, 3),
('pisteee', '123123', 1233.00, 1, 1, 976, '', 5.00, 1, 'rejected', NULL, '2025-08-31 14:44:36', NULL, 4),
('pistee', '111', 500.00, 2, 1, 12, '', 0.00, 0, 'inactive', NULL, '2025-09-03 11:57:35', NULL, 5),
('category', '121', 111.00, 2, 1, 1210, '', 0.00, 0, '', NULL, '2025-09-03 12:02:36', NULL, 6),
('category', '121', 111.00, 2, 1, 1206, '', 0.00, 0, '', NULL, '2025-09-03 12:15:17', NULL, 7),
('category', '121', 111.00, 2, 1, 1207, '', 0.00, 0, '', NULL, '2025-09-03 12:15:17', NULL, 8),
('noImageTest', 'noImageTestnoImageTestnoImageTestnoImageTest', 11.00, 3, 7, 104, 'assets/uploads/tempo_image.jpg', 0.00, 0, 'inactive', NULL, '2025-09-13 03:41:47', NULL, 9),
('Imidart', 'ImidartImidartImidartImidart', 100.00, 3, 7, 257, 'assets/uploads/1759552181_Imidart.jpg', 4.00, 1, 'active', NULL, '2025-09-13 03:42:51', NULL, 10),
('withImageTEST', 'withImageTESTwithImageTESTwithImageTESTwithImageTESTwithImageTEST', 2000.00, 3, 7, 1196, 'assets/uploads/1757738766_RobloxScreenShot20250809_221658811.png', 0.00, 0, 'inactive', NULL, '2025-09-13 04:46:06', NULL, 11),
('SellerDashboard', 'SellerDashboardSellerDashboardSellerDashboard', 500.00, 3, 7, 255, 'assets/uploads/1759041125_logho (2).png', 0.00, 0, 'inactive', NULL, '2025-09-28 06:32:05', NULL, 13),
('Decis_protech_', 'Excellent insecticide for control of aphids, caterpillars and many other pests. Decis Protech is a rapid and cost effective pyrethroid product with a low application rate to suit regular treatments on a range of biting, chewing and sucking insect pests in numerous agricultural and horticultural crops.\r\n\r\nKey Points:\r\nDecis Protech is rainfast 1 hour after application\r\nPests treated: Aphids, Pear Sucker, Scale insects, Caterpillar, Capsids, Whitefly, Mealy Bugs, Cutworm, Codling Moth, Tortrix Moth, Pollen Beetle, Pea &amp;amp; Bean Weevil, Brassica Flea Beetle\r\nUse on: Amenity vegetation (outdoor), Ornamental plant production, Apples, Beans (Broad, Field, Tic), Broccoli, Brussels Sprouts, Cabbage, Cauliflower, Glasshouse crops (tomatoes, peppers, cucumbers, pot plants), Hops, Kale, Lettuce (outdoor), Mustard, Nursery Stock, Oats, Oilseed Rape (winter and spring), Pears, Peas, Plums, Raspberries, Sugar Beet, Swedes, Turnips, Winter &amp;amp; spring wheat, Winter &amp;amp; spring barley\r\nIt can be applied in frosty weather provided foliage is not covered with ice\r\nProduct Information:\r\nActive Ingredient: 15 g/L (1.50% w/w) deltamethrin\r\n\r\nDose Rate: (ornamentals) 120 ml in 100 L water or 12 ml per 10 l water\r\n\r\nMAPP:16160\r\n\r\nFor Amenity vegetation which includes outdoor ornamentals, trees &amp;amp; shrubs - Decis Protech will control whitefly, scale insects, caterpillars, capsids, thrips, aphids and mealy bugs. Apply the product when the pest is first seen. For whitefly, thoroughly wet plants, especially the leaf under-surface and repeat as required.\r\n\r\nDO NOT EXCEED MAXIMUM CONCENTRATION of 120 ml per 100 L water\r\n\r\nStrains of some aphid species are resistant to many aphicides. Where aphids, glasshouse whitefly, tobacco whitefly, pear suckers resistant to products containing pyrethroid insecticides occur Decis Protech is unlikely to give satisfactory control. Repeat treatments are likely to result in lower levels of control. Where repeat treatments are necessary use different active ingredients.\r\n\r\nResistance Management Strategy:\r\n\r\nTotal reliance on a single pesticide will speed up the development of resistance; pesticides of different chemical types or alternative control measures should be included in a planned programme. It is good practice to alternate insecticides with different modes of action in a recognised anti-resistance strategy. Decis Protech should always be used in alternation with other insecticides of a different mode of action where available.\r\n\r\nApplication Information:\r\n\r\nDecis Protech should always be applied at the recommended rate of use and in sufficient water volume to achieve the required spray penetration into the crop and uniform coverage necessary for optimal pest control.\r\n\r\nShake well before use. Add the required quantity immediately at the beginning of filling the spray tank with water. Keep the spray agitation in action and add the required quantity of water. Continue agitation until spraying is completed. After spraying, thoroughly wash out the spray tank with a proprietary tank cleaner such as All Clear Extra or Tank &amp;amp; Equipment Cleaner.\r\nSafety:\r\nSuggested safety clothing - coveralls, faceshield &amp;amp; gloves when handling the concentrate (see Safety Clothing) Very high temperatures, &amp;gt;35°C (&amp;gt;95°F) may reduce efficacy or persistence.', 299.00, 81, 7, 254, 'assets/uploads/1759488574_Decis_protech_1l.jpg', 0.00, 0, 'active', NULL, '2025-09-29 08:31:10', NULL, 14),
('INSECTICIDES-Mahishmati', 'INSECTICIDES-MahishmatiINSECTICIDES-Mahishmati', 190.00, 81, 7, 246, 'assets/uploads/1759501037_INSECTICIDES-Mahishmati.jpg', 0.00, 0, 'active', NULL, '2025-10-03 14:17:17', NULL, 15),
('Indoor Ant Kit', 'The Indoor Ant Kit includes all the products you need for the professional treatment of most ants commonly found indoors, including little black ants, carpenter ants, odorous house ants, and more. This do-it-yourself ant treatment kit uses the convenience of bait plate stations and the attractiveness of two unique baits to fill the dietary needs of most household ants.', 3299.13, 81, 11, 251, 'assets/uploads/tempo_image.jpg', 0.00, 0, 'active', NULL, '2025-10-04 04:12:17', NULL, 16),
('Mice Traps and Bait Combo Kits', 'Mice Combo Traps /Bait Kits combine four types of professional traps, mouse lure attractant, and one type of disposable bait station (bait included) in one kit for a greater selection and savings.', 4674.80, 3, 11, 97, 'assets/uploads/tempo_image.jpg', 0.00, 0, 'inactive', NULL, '2025-10-04 04:26:13', NULL, 17),
('Victor Mouse Trap M040', 'The classic Victor mouse trap with the metal pedal. All Victor mouse traps and rat traps are made from Forest Stewardship Council (FSC) sourced wood from environmentally managed forests. Trap measures 4&quot;L x 1 3/4&quot;W.', 694.79, 3, 11, 193, 'assets/uploads/1759552123_mouse trap.jpg', 0.00, 0, 'active', NULL, '2025-10-04 04:28:43', NULL, 18),
('Provoke Professional Gel for Mouse Traps', 'Provoke Professional Gel for Mouse Traps is the first and only attractant designed specifically for mice, according to their food preferences. Simply place a small amount of Provoke on the your snap trap or mouse multi-catch trap or glue board. Your trap will now become twice as enticing! In a recent field study where several cases of mouse traps were placed half with Provoke and half with peanut butter-- 29 mice were caught within the first hour by traps using Provoke, while only 3 mice were caught by the peanut butter traps.', 611.42, 3, 11, 145, 'assets/uploads/1759552185_provoke_2_oz-3561510086.png', 4.00, 1, 'active', NULL, '2025-10-04 04:29:45', NULL, 19),
('Shake-Away Mouse Repellent', 'Shake Away Mouse Repellent is an effective organic repellent that helps get rid of mice. It is the first indoor mouse repellent created by Shake Away. It uses a non-toxic formula that will help eliminate those pests in a natural way, making this safe to use around family and pets. It features an aromatic mint scent made from natural ingredients which turns mice away from the treated area. This pack contains 4 easy and ready to use small packs that will last up to 60 days. The outside bag is resealable so you can preserve the unused packs.', 915.39, 3, 11, 144, 'assets/uploads/1759552240_9914.jpg.thumb_450x450.jpg', 0.00, 0, 'active', NULL, '2025-10-04 04:30:40', NULL, 20),
('Advion Cockroach Gel Bait', 'Advion Cockroach Gel Bait is a professional-strength roach killer trusted by pest control experts and homeowners. Formulated with the powerful, non-repellent active ingredient Indoxacarb, Advion roach gel targets a wide range of cockroach species, including German, American, and Oriental roaches while delivering fast, comprehensive control through a proven domino effect.', 1562.13, 95, 11, 265, 'assets/uploads/1759552310_304-Advion-Roach-Bait-Gel-Syngenta.jpg.thumb_450x450.jpg', 3.00, 1, 'active', NULL, '2025-10-04 04:31:30', NULL, 21),
('Contrac Rodent Pellet Place Pacs Rodenticide', 'Contrac Rodenticide Place Pacs are a single-feeding anticoagulant bait in pellet form that has superior acceptance by Mice and Rats. To use simply place Contrac Rodenticide Place Pacs down where rodents travel. Rodent will gnaw through the pack and ingest the poison.', 7525.19, 3, 11, 254, 'assets/uploads/1759552372_77-2.jpg.thumb_450x450.jpg', 0.00, 0, 'active', NULL, '2025-10-04 04:32:41', NULL, 22),
('GreenWay Fruit Fly Trap', 'GreenWay Fruit Fly Trap will have your fruits and vegetables protected with this bottle fruit fly trap. It is ready to use, non-toxic, pet and child safe, and long-lasting. The design of this bottle trap is to capture and remove fruit flies. Place the GreenWay Fruit Fly Traps near fruit, food preparation areas, on countertops, and other areas where you have seen fruit flies. The GreenWay Fruit Fly Trap will last for months.', 760.80, 81, 11, 305, 'assets/uploads/1759552466_13134-Greenway-Fruit-Fly-Trap-v2.jpg.thumb_450x450.jpg', 0.00, 0, 'active', NULL, '2025-10-04 04:34:26', NULL, 23),
('GreenWay Fruit Fly Trap', 'GreenWay Fruit Fly Trap will have your fruits and vegetables protected with this bottle fruit fly trap. It is ready to use, non-toxic, pet and child safe, and long-lasting. The design of this bottle trap is to capture and remove fruit flies. Place the GreenWay Fruit Fly Traps near fruit, food preparation areas, on countertops, and other areas where you have seen fruit flies. The GreenWay Fruit Fly Trap will last for months.', 760.80, 81, 11, 321, 'assets/uploads/1759552549_391-Tempo-1pc-Dust-envu.jpg.thumb_450x450.jpg', 5.00, 1, 'active', NULL, '2025-10-04 04:35:49', NULL, 24),
('Metarhizium-03', 'Metarhizium-03 insect killer', 100.00, 81, 7, 97, 'assets/uploads/tempo_image.jpg', 0.00, 0, 'active', NULL, '2025-10-29 11:01:11', NULL, 25),
('bayer-decis-agriculture-insecticide', 'bayer-decis-agriculture-insecticide', 120.00, 81, 7, 194, 'assets/uploads/1761735768_bayer-decis-agriculture-insecticide.jpg', 3.00, 2, 'active', NULL, '2025-10-29 11:02:49', NULL, 26),
('Bioneem', 'MUlti-prupose insecticide', 100.00, 81, 7, 98, 'assets/uploads/1761826163_Bioneem.jpg', 0.00, 0, 'active', NULL, '2025-10-30 12:07:31', NULL, 27),
('Bioneems', 'Bioneem', 90.00, 81, 7, 27, 'assets/uploads/1761826130_Bioneem.jpg', 0.00, 0, 'active', NULL, '2025-10-30 12:08:50', NULL, 28),
('Baygon Multi Insect Killer Spray', 'Baygon Shield Protector Multi Insect Killer delivers fast knockdown and provides killing power against insects!\r\n\r\nFeatures and Benefits:\r\n\r\n* Kills Insects such as - Mosquitoes, Cockroaches, Houseflies, Ants, Termites, Bed Bugs, Fleas, Ticks, Centipedes, Wasps, Hornets\r\n\r\n* 100% Knockdown (against mosquitoes, cockroaches, houseflies, ants, fleas)\r\n\r\n* Kills dengue mosquitoes in seconds! (Kills Aedes aegypti in 5 seconds when directly sprayed)\r\n\r\n* No.1 Insect Spray brand in the Philippines! Baygon provides the trusted protection for you &amp; your family. Backed by over 60 years of insect science.\r\n\r\n\r\nRemark: The expiration date format of the product is as follows: DD/MM/YY', 300.00, 81, 11, 246, 'assets/uploads/1762225937_baygon.png', 0.00, 0, 'active', NULL, '2025-11-04 03:12:17', NULL, 30),
('OOKAS Powerful Electric Mosquito Killer Lamp Fly Killer Uv Light Insect Killer', 'Product Description:\r\n● Brand：OOKAS powerful mosquito killer lamp.\r\n● Material：PP+PVC.\r\n● Power：30W.\r\n● Battery capacity：800mAh.\r\n● Work Voltage：AC220~240V.\r\n● Version：Plug-in/Rechargeable.\r\n● Can be used for:Mosquito repellant,fly killer,Insect killer.\r\n● Function：Purple light waves, heat tempting mosquitoes, electric shock to kill mosquitoes.', 449.00, 81, 11, 255, 'assets/uploads/1762227094_idk electric.png', 0.00, 0, 'inactive', NULL, '2025-11-04 03:31:34', NULL, 31),
('OOKAS Powerful Electric Mosquito Killer Lamp Fly Killer Uv Light Insect Killer', 'Product Description:\r\n● Brand：OOKAS powerful mosquito killer lamp.\r\n● Material：PP+PVC.\r\n● Power：30W.\r\n● Battery capacity：800mAh.\r\n● Work Voltage：AC220~240V.\r\n● Version：Plug-in/Rechargeable.\r\n● Can be used for:Mosquito repellant,fly killer,Insect killer.\r\n● Function：Purple light waves, heat tempting mosquitoes, electric shock to kill mosquitoes.', 449.00, 81, 11, 247, 'assets/uploads/1762227174_idk electric.png', 0.00, 0, 'active', NULL, '2025-11-04 03:32:54', NULL, 32),
('ARS Trap-A-Rocah Hoy Hoy Cockroach Trap (3pcs)', 'Hoy Hoy Trap-A-Roach is an ingenious cockroach trap killer designed to address cockroach infestation\r\n\r\nissues for every home and establishment. Just wait for cockroaches to feed inside the house trap and\r\n\r\nnever escape its super sticky glue.\r\n\r\n \r\n\r\nSafe and Effective\r\n\r\nThe cockroach bait box comes with non-toxic attractants made of natural ingredients such as cabbage,\r\n\r\nmeat, onion and shrimp, which cockroaches love.\r\n\r\n \r\n\r\nSuper Strong Adhesive\r\n\r\nThe cockroach glue trap has a super strong, wavy adhesive that catches cockroaches firmly preventing\r\n\r\nthem from escaping. It also lasts for a month after opening.\r\n\r\n \r\n\r\nPractical Solution for Cockroach Infestation\r\n\r\nAffordable, safe and practical. Use it anytime and at any place. This small cockroach trap has a slim\r\n\r\nhouse trap design that enables you to place it almost anywhere. Your best cockroach killer for cabinets,\r\n\r\nunder sinks and refrigerators, inside cabinets and in hidden areas where cockroaches congregate.\r\n\r\n \r\n\r\nSimple and Easy to Use\r\n\r\nThis cockroach trap with bait is easy to assemble. Its trap can also be adjusted into 3 different\r\n\r\nplacements: high roof, low roof and vertical.', 262.00, 81, 11, 152, 'assets/uploads/1762229445_strong.png', 0.00, 0, 'inactive', NULL, '2025-11-04 04:10:45', NULL, 33),
('Original Miraculous Insecticide Chalk', 'Fast-Acting Pest Control for Your Home! 🦟 Say goodbye to unwanted pests with our Miraculous Insecticide Chalk! This chalk is specially designed to tackle cockroaches, ants, and other household insects quickly and efficiently. Its fast-acting formula ensures pests are eliminated in hours, giving you peace of mind and a cleaner home.  Safe &amp; Non-Toxic Formula 🌱 Worried about safety? Our insecticide chalk is low in toxicity, making it suitable for use around children and pets. You can trust it to keep your home pest-free without compromising your family&#039;s safety.  Easy to Use Anytime 🕒 Whether it&#039;s day or night, this chalk is easy to apply and effective at any time. Simply draw lines or circles around areas where pests are active, and let the chalk do the work.  Product Variation - Original Miraculous Insect Chalk / Insecticide Chalk for cockroach, insects, and ants  Additional Information Each box contains 1 pcs of white chalk, each measuring approximately 7.5cm in length. For best results, ensure generous application around pest-prone areas. Enjoy a cleaner, safer home with this reliable pest control solution!', 12.00, 81, 11, 253, 'assets/uploads/1762699955_ph-11134207-7r98y-lwtgpviixo1w98.png', 0.00, 0, 'active', NULL, '2025-11-09 14:52:35', NULL, 34);

-- --------------------------------------------------------

--
-- Table structure for table `product_features`
--

CREATE TABLE `product_features` (
  `id` int(11) NOT NULL,
  `product_id` int(11) DEFAULT NULL,
  `feature_name` varchar(255) DEFAULT NULL,
  `feature_value` text DEFAULT NULL
) ENGINE=InnoDB DEFAULT CHARSET=utf8mb4 COLLATE=utf8mb4_general_ci;

-- --------------------------------------------------------

--
-- Table structure for table `product_images`
--

CREATE TABLE `product_images` (
  `id` int(11) NOT NULL,
  `product_id` int(11) DEFAULT NULL,
  `image_url` varchar(255) NOT NULL,
  `is_primary` tinyint(1) DEFAULT 0
) ENGINE=InnoDB DEFAULT CHARSET=utf8mb4 COLLATE=utf8mb4_general_ci;

-- --------------------------------------------------------

--
-- Table structure for table `product_reviews`
--

CREATE TABLE `product_reviews` (
  `id` int(11) NOT NULL,
  `product_id` int(11) DEFAULT NULL,
  `user_id` int(11) DEFAULT NULL,
  `rating` int(11) DEFAULT NULL CHECK (`rating` >= 1 and `rating` <= 5),
  `review_text` text DEFAULT NULL,
  `created_at` timestamp NOT NULL DEFAULT current_timestamp()
) ENGINE=InnoDB DEFAULT CHARSET=utf8mb4 COLLATE=utf8mb4_general_ci;

--
-- Dumping data for table `product_reviews`
--

INSERT INTO `product_reviews` (`id`, `product_id`, `user_id`, `rating`, `review_text`, `created_at`) VALUES
(1, 3, 3, 5, 'gioofd', '2025-09-03 12:45:54'),
(2, 17, 8, 2, 'ok', '2025-09-13 06:52:07'),
(3, 18, 9, 5, 'gooodss', '2025-09-21 07:29:33'),
(0, 34, 12, 3, 'works quite well', '2025-10-16 10:04:38'),
(0, 39, 9, 5, 'goods', '2025-10-24 11:44:56'),
(0, 20, 9, 4, 'goods', '2025-10-24 12:07:57'),
(0, 26, 9, 4, 'goods', '2025-10-30 15:31:24'),
(0, 19, 12, 4, 'good enough! tho the delivery can be a bit better', '2025-11-05 09:44:18'),
(0, 26, 12, 2, 'you delivered an expired product!!!!', '2025-11-05 09:47:48');

-- --------------------------------------------------------

--
-- Table structure for table `product_specifications`
--

CREATE TABLE `product_specifications` (
  `id` int(11) NOT NULL,
  `product_id` int(11) NOT NULL,
  `spec_name` varchar(255) NOT NULL,
  `spec_value` text NOT NULL,
  `spec_unit` varchar(50) DEFAULT NULL,
  `display_order` int(11) DEFAULT 0,
  `created_at` timestamp NOT NULL DEFAULT current_timestamp()
) ENGINE=InnoDB DEFAULT CHARSET=utf8mb4 COLLATE=utf8mb4_unicode_ci;

--
-- Dumping data for table `product_specifications`
--

INSERT INTO `product_specifications` (`id`, `product_id`, `spec_name`, `spec_value`, `spec_unit`, `display_order`, `created_at`) VALUES
(1, 1, 'Weight', '2.5', 'kg', 1, '2025-09-12 14:00:15'),
(2, 1, 'Dimensions', '30 x 20 x 10', 'cm', 2, '2025-09-12 14:00:15'),
(3, 1, 'Color', 'Black', '', 3, '2025-09-12 14:00:15'),
(4, 1, 'Material', 'Plastic', '', 4, '2025-09-12 14:00:15'),
(5, 2, 'Weight', '1.2', 'kg', 1, '2025-09-12 14:00:15'),
(6, 2, 'Dimensions', '25 x 15 x 8', 'cm', 2, '2025-09-12 14:00:15'),
(7, 2, 'Color', 'White', '', 3, '2025-09-12 14:00:15'),
(8, 2, 'Material', 'Metal', '', 4, '2025-09-12 14:00:15'),
(9, 3, 'Weight', '0.8', 'kg', 1, '2025-09-12 14:00:15'),
(10, 3, 'Dimensions', '20 x 15 x 5', 'cm', 2, '2025-09-12 14:00:15'),
(11, 3, 'Color', 'Blue', '', 3, '2025-09-12 14:00:15'),
(12, 3, 'Battery Life', '10 hours', '', 4, '2025-09-12 14:00:15');

-- --------------------------------------------------------

--
-- Table structure for table `return_photos`
--

CREATE TABLE `return_photos` (
  `id` int(11) NOT NULL,
  `return_request_id` int(11) NOT NULL,
  `photo_path` varchar(255) NOT NULL,
  `uploaded_at` timestamp NOT NULL DEFAULT current_timestamp()
) ENGINE=InnoDB DEFAULT CHARSET=utf8mb4 COLLATE=utf8mb4_general_ci;

--
-- Dumping data for table `return_photos`
--

INSERT INTO `return_photos` (`id`, `return_request_id`, `photo_path`, `uploaded_at`) VALUES
(5, 11, 'uploads/returns/11/return_11_photo1_68f87b98f2839947953330.jpg', '2025-10-22 06:37:12'),
(6, 12, 'uploads/returns/12/return_12_photo1_68fab91994ffc906900984.jpg', '2025-10-23 23:24:09'),
(7, 12, 'uploads/returns/12/return_12_photo2_68fab9199ab4d833244374.jpg', '2025-10-23 23:24:09'),
(8, 12, 'uploads/returns/12/return_12_photo3_68fab9199b2d1877325775.jpg', '2025-10-23 23:24:09'),
(9, 13, 'uploads/returns/13/return_13_photo1_68fabad98474f426460636.jpg', '2025-10-23 23:31:37'),
(10, 13, 'uploads/returns/13/return_13_photo2_68fabad985f7b617412527.png', '2025-10-23 23:31:37'),
(11, 13, 'uploads/returns/13/return_13_photo3_68fabad9872d4349302944.jpg', '2025-10-23 23:31:37'),
(12, 14, 'uploads/returns/14/return_14_photo1_68fadb12594a4430934970.jpg', '2025-10-24 01:49:06'),
(13, 15, 'uploads/returns/15/return_15_photo1_68fae3ce5daf9301808364.jpg', '2025-10-24 02:26:22'),
(14, 16, 'uploads/returns/16/return_16_photo1_68fb81c3deaa0576455021.jpg', '2025-10-24 13:40:19'),
(15, 17, 'uploads/returns/17/return_17_photo1_68fb990a19f71518232742.jpg', '2025-10-24 15:19:38'),
(16, 18, 'uploads/returns/18/return_18_photo1_68fce89830cec908152648.jpg', '2025-10-25 15:11:20'),
(17, 19, 'uploads/returns/19/return_19_photo1_68fceabec467b957944609.webp', '2025-10-25 15:20:30'),
(18, 20, 'uploads/returns/20/return_20_photo1_68fcec89c83db324467892.jpg', '2025-10-25 15:28:09'),
(19, 21, 'uploads/returns/21/return_21_photo1_68fdb2d67f34a511860596.jpg', '2025-10-26 05:34:14'),
(20, 22, 'uploads/returns/22/return_22_photo1_6901eb086fc1e827618428.jpg', '2025-10-29 10:23:04'),
(21, 23, 'uploads/returns/23/return_23_photo1_69037ea3d7006141819701.jpg', '2025-10-30 15:05:07'),
(22, 24, 'uploads/returns/24/return_24_photo1_6903815dec029400751309.png', '2025-10-30 15:16:45'),
(23, 25, 'uploads/returns/25/return_25_photo1_690383c062d44626952050.png', '2025-10-30 15:26:56');

-- --------------------------------------------------------

--
-- Table structure for table `return_requests`
--

CREATE TABLE `return_requests` (
  `id` int(11) NOT NULL,
  `order_id` int(10) UNSIGNED NOT NULL,
  `product_id` int(11) NOT NULL,
  `seller_id` int(11) NOT NULL,
  `quantity` int(11) DEFAULT 1,
  `customer_id` int(11) NOT NULL,
  `reason` text NOT NULL,
  `description` text DEFAULT NULL,
  `status` enum('pending','approved','rejected','completed') DEFAULT 'pending',
  `rejection_reason` text DEFAULT NULL,
  `created_at` timestamp NOT NULL DEFAULT current_timestamp(),
  `processed_at` timestamp NULL DEFAULT NULL,
  `processed_by` int(11) DEFAULT NULL,
  `notes` text DEFAULT NULL
) ENGINE=InnoDB DEFAULT CHARSET=utf8mb4 COLLATE=utf8mb4_general_ci;

--
-- Dumping data for table `return_requests`
--

INSERT INTO `return_requests` (`id`, `order_id`, `product_id`, `seller_id`, `quantity`, `customer_id`, `reason`, `description`, `status`, `rejection_reason`, `created_at`, `processed_at`, `processed_by`, `notes`) VALUES
(1, 1, 0, 1, 1, 3, 'Product arrived damaged', NULL, 'pending', NULL, '2025-10-19 20:11:09', NULL, NULL, NULL),
(2, 2, 0, 1, 1, 3, 'Wrong product received', NULL, 'approved', NULL, '2025-10-19 20:11:09', NULL, NULL, NULL),
(3, 3, 0, 1, 1, 3, 'Product not as described', NULL, 'rejected', NULL, '2025-10-19 20:11:09', NULL, NULL, NULL),
(4, 1, 0, 1, 1, 3, 'Product arrived damaged', NULL, 'pending', NULL, '2025-10-19 20:11:31', NULL, NULL, NULL),
(5, 2, 0, 1, 1, 3, 'Wrong product received', NULL, 'approved', NULL, '2025-10-19 20:11:31', NULL, NULL, NULL),
(6, 3, 0, 1, 1, 3, 'Product not as described', NULL, 'rejected', NULL, '2025-10-19 20:11:31', NULL, NULL, NULL),
(11, 215, 34, 11, 1, 12, 'Received Incorrect Item(s) | sent me the wrong one.they sen tme annabell doll looking product lol what is this', NULL, 'rejected', 'Product opened or used', '2025-10-22 06:37:12', '2025-11-05 09:55:25', 11, NULL),
(12, 229, 20, 7, 3, 9, 'Received Damaged Item(s) - Damaged item | guba mani', NULL, 'completed', NULL, '2025-10-23 23:24:09', '2025-10-25 15:45:29', 7, NULL),
(13, 229, 20, 7, 3, 9, 'Received Damaged Item(s) - Damaged item | gubaa', NULL, 'rejected', 'Customer changed mind', '2025-10-23 23:31:37', '2025-10-24 03:02:24', 7, NULL),
(14, 229, 20, 7, 3, 9, 'Received Damaged Item(s) - Damaged item | fffgg', NULL, 'completed', NULL, '2025-10-24 01:49:06', '2025-10-24 13:14:35', 7, NULL),
(15, 229, 20, 7, 3, 9, 'Received Damaged Item(s) - Damaged item | naamani buslot ya', NULL, 'rejected', 'Product opened or used', '2025-10-24 02:26:22', '2025-10-24 03:07:09', 7, NULL),
(16, 241, 20, 7, 1, 9, 'Received Damaged Item(s) - Damaged item | ;;;;;', NULL, 'completed', NULL, '2025-10-24 13:40:19', '2025-10-24 15:19:48', 7, NULL),
(17, 240, 26, 7, 1, 9, 'Received Damaged Item(s) - Damaged item | asdasd', NULL, 'approved', NULL, '2025-10-24 15:19:38', '2025-10-24 15:19:54', 7, NULL),
(18, 241, 20, 7, 1, 9, 'Received Damaged Item(s) - Product is defective or does not work | guba', NULL, 'pending', NULL, '2025-10-25 15:11:20', NULL, NULL, NULL),
(19, 241, 20, 7, 1, 9, 'Did Not Receive Some/All Items - Empty parcel | Bato mani', NULL, 'rejected', 'Product opened or used', '2025-10-25 15:20:30', '2025-10-30 15:18:33', 7, NULL),
(20, 241, 20, 7, 1, 9, 'Received Damaged Item(s) - Damaged item | sdfsdf', NULL, 'approved', NULL, '2025-10-25 15:28:09', '2025-10-26 06:45:37', 7, NULL),
(21, 240, 26, 7, 1, 9, 'Received Damaged Item(s) | asdas', NULL, 'approved', NULL, '2025-10-26 05:34:14', '2025-10-26 06:44:35', 7, NULL),
(22, 229, 20, 7, 3, 9, 'Did Not Receive Some/All Items - Missing part of the order | aswdasd', NULL, 'approved', NULL, '2025-10-29 10:23:04', '2025-10-30 15:07:40', 7, NULL),
(23, 248, 25, 7, 2, 9, 'Received Damaged Item(s) - Damaged item | guba', NULL, 'approved', NULL, '2025-10-30 15:05:07', '2025-10-30 15:12:45', 7, NULL),
(24, 247, 1, 7, 1, 9, 'Received Incorrect Item(s) | asd', NULL, 'approved', NULL, '2025-10-30 15:16:45', '2025-10-30 15:28:12', 7, NULL),
(25, 245, 26, 7, 1, 9, 'Received Incorrect Item(s) | asdasd', NULL, 'pending', NULL, '2025-10-30 15:26:56', NULL, NULL, NULL);

-- --------------------------------------------------------

--
-- Table structure for table `reviews`
--

CREATE TABLE `reviews` (
  `id` int(11) NOT NULL,
  `product_id` int(11) NOT NULL,
  `user_id` int(11) NOT NULL,
  `rating` int(1) NOT NULL CHECK (`rating` >= 1 and `rating` <= 5),
  `title` varchar(255) DEFAULT NULL,
  `comment` text DEFAULT NULL,
  `is_verified` tinyint(1) DEFAULT 0,
  `is_approved` tinyint(1) DEFAULT 1,
  `created_at` timestamp NOT NULL DEFAULT current_timestamp(),
  `updated_at` timestamp NOT NULL DEFAULT current_timestamp() ON UPDATE current_timestamp()
) ENGINE=InnoDB DEFAULT CHARSET=utf8mb4 COLLATE=utf8mb4_unicode_ci;

--
-- Dumping data for table `reviews`
--

INSERT INTO `reviews` (`id`, `product_id`, `user_id`, `rating`, `title`, `comment`, `is_verified`, `is_approved`, `created_at`, `updated_at`) VALUES
(1, 1, 4, 5, 'Excellent product!', 'Really happy with this purchase. Great quality and fast shipping.', 0, 1, '2025-09-12 14:00:15', '2025-09-12 14:00:15'),
(2, 1, 3, 4, 'Good value', 'Nice product for the price. Would recommend.', 0, 1, '2025-09-12 14:00:15', '2025-09-12 14:00:15'),
(3, 2, 4, 3, 'Average', 'It\'s okay, nothing special but does the job.', 0, 1, '2025-09-12 14:00:15', '2025-09-12 14:00:15'),
(4, 3, 4, 5, 'Perfect!', 'Exactly what I was looking for. Excellent quality.', 0, 1, '2025-09-12 14:00:15', '2025-09-12 14:00:15');

-- --------------------------------------------------------

--
-- Table structure for table `sales_analytics`
--

CREATE TABLE `sales_analytics` (
  `id` int(11) NOT NULL,
  `seller_id` int(11) DEFAULT NULL,
  `total_sales` decimal(10,2) DEFAULT 0.00,
  `total_orders` int(11) DEFAULT 0,
  `total_products` int(11) DEFAULT 0,
  `monthly_revenue` decimal(10,2) DEFAULT 0.00,
  `created_at` timestamp NOT NULL DEFAULT current_timestamp(),
  `updated_at` timestamp NOT NULL DEFAULT current_timestamp() ON UPDATE current_timestamp()
) ENGINE=InnoDB DEFAULT CHARSET=utf8mb4 COLLATE=utf8mb4_general_ci;

-- --------------------------------------------------------

--
-- Table structure for table `sales_trend`
--

CREATE TABLE `sales_trend` (
  `id` int(11) NOT NULL,
  `seller_id` int(11) NOT NULL,
  `sale_date` date NOT NULL,
  `total_sales` decimal(10,2) NOT NULL DEFAULT 0.00,
  `created_at` timestamp NOT NULL DEFAULT current_timestamp()
) ENGINE=InnoDB DEFAULT CHARSET=utf8mb4 COLLATE=utf8mb4_general_ci;

-- --------------------------------------------------------

--
-- Table structure for table `seller_notifications`
--

CREATE TABLE `seller_notifications` (
  `id` int(11) NOT NULL,
  `seller_id` int(11) NOT NULL,
  `title` varchar(255) NOT NULL,
  `message` text NOT NULL,
  `type` enum('info','warning','success','error') DEFAULT 'info',
  `is_read` tinyint(1) DEFAULT 0,
  `action_url` varchar(500) DEFAULT NULL,
  `created_at` timestamp NOT NULL DEFAULT current_timestamp()
) ENGINE=InnoDB DEFAULT CHARSET=utf8mb4 COLLATE=utf8mb4_general_ci;

--
-- Dumping data for table `seller_notifications`
--

INSERT INTO `seller_notifications` (`id`, `seller_id`, `title`, `message`, `type`, `is_read`, `action_url`, `created_at`) VALUES
(1, 1, 'Test Notification', 'This is a test notification', 'info', 0, 'test.php', '2025-10-23 07:56:25'),
(2, 1, 'Test Notification', 'This is a test notification', 'info', 0, 'test.php', '2025-10-23 07:56:44'),
(3, 7, 'Low Stock Alert', 'Product \'DolarPest\' is running low on stock. Only 4 items remaining.', 'warning', 1, 'edit-product.php?id=0', '2025-10-24 01:19:20'),
(4, 7, '🎉 New Order Received!', 'You have a new order #000240 totaling ₱190.00. Please review and process it.', 'success', 1, 'view-orders.php', '2025-10-24 01:42:39'),
(5, 7, 'Low Stock Alert', 'Product \'DolarPest\' is running low on stock. Only 4 items remaining.', 'warning', 1, 'edit-product.php?id=0', '2025-10-24 01:43:24'),
(6, 7, 'Low Stock Alert', 'Product \'DolarPest\' is running low on stock. Only 4 items remaining.', 'warning', 1, 'edit-product.php?id=0', '2025-10-24 01:43:39'),
(7, 7, 'Low Stock Alert', 'Product \'DolarPest\' is running low on stock. Only 4 items remaining.', 'warning', 1, 'edit-product.php?id=0', '2025-10-24 01:47:08'),
(8, 7, '🎉 New Order Received!', 'You have a new order #000241 totaling ₱100.00. Please review and process it.', 'success', 1, 'view-orders.php', '2025-10-24 01:48:05'),
(9, 7, 'Low Stock Alert', 'Product \'DolarPest\' is running low on stock. Only 4 items remaining.', 'warning', 1, 'edit-product.php?id=0', '2025-10-24 01:48:17'),
(10, 7, 'Low Stock Alert', 'Product \'DolarPest\' is running low on stock. Only 4 items remaining.', 'warning', 1, 'edit-product.php?id=0', '2025-10-24 01:56:43'),
(11, 7, 'New Return Request', 'New return request for \'Imidart\' from Order #000229. Please review and take action.', 'warning', 1, 'seller-returns.php?return_id=15', '2025-10-24 02:26:22'),
(12, 11, '🎉 New Order Received!', 'You have a new order #000242 totaling ₱1,521.60. Please review and process it.', 'success', 1, 'view-orders.php', '2025-10-24 07:29:57'),
(13, 11, '🎉 New Order Received!', 'You have a new order #000243 totaling ₱8,136.61. Please review and process it.', 'success', 1, 'view-orders.php', '2025-10-24 13:27:43'),
(14, 7, 'Order Status Updated', '✅ Order #000241 moved to Processing', 'info', 1, 'view-orders.php', '2025-10-24 13:28:30'),
(15, 7, 'Order Status Updated', '✅ Order #000240 moved to Processing', 'info', 1, 'view-orders.php', '2025-10-24 13:28:32'),
(16, 7, 'Order Status Updated', '🚚 Order #000241 has been shipped', 'info', 1, 'view-orders.php', '2025-10-24 13:28:35'),
(17, 7, 'Order Status Updated', '🚚 Order #000240 has been shipped', 'info', 1, 'view-orders.php', '2025-10-24 13:28:37'),
(18, 7, 'Order Status Updated', '📦 Order #000241 was delivered', 'info', 1, 'view-orders.php', '2025-10-24 13:28:53'),
(19, 7, 'Order Status Updated', '📦 Order #000240 was delivered', 'info', 1, 'view-orders.php', '2025-10-24 13:28:55'),
(20, 7, 'New Return Request', 'New return request for \'Imidart\' from Order #000241. Please review and take action.', 'warning', 1, 'seller-returns.php?return_id=16', '2025-10-24 13:40:19'),
(21, 7, 'New Return Request', 'New return request for \'INSECTICIDES-Mahishmati\' from Order #000240. Please review and take action.', 'warning', 1, 'seller-returns.php?return_id=17', '2025-10-24 15:19:38'),
(22, 7, 'Order Status Updated', '✅ Order #000207 moved to Processing', 'info', 1, 'view-orders.php', '2025-10-24 15:29:12'),
(23, 7, 'Order Status Updated', '🚚 Order #000207 has been shipped', 'info', 1, 'view-orders.php', '2025-10-24 15:29:16'),
(24, 7, 'Order Status Updated', '🚚 Order #000061 has been shipped', 'info', 1, 'view-orders.php', '2025-10-24 15:29:50'),
(25, 7, 'Order Status Updated', '✅ Order #000038 moved to Processing', 'info', 1, 'view-orders.php', '2025-10-24 15:30:34'),
(26, 7, 'Order Status Updated', '✅ Order #000206 moved to Processing', 'info', 1, 'view-orders.php', '2025-10-24 16:35:40'),
(27, 7, 'New Return Request', 'New return request for \'Imidart\' from Order #000241. Please review and take action.', 'warning', 1, 'seller-returns.php?return_id=18', '2025-10-25 15:11:20'),
(28, 7, 'New Return Request', 'New return request for \'Imidart\' from Order #000241. Please review and take action.', 'warning', 1, 'seller-returns.php?return_id=19', '2025-10-25 15:20:30'),
(29, 7, 'New Return Request', 'New return request for \'Imidart\' from Order #000241. Please review and take action.', 'warning', 1, 'seller-returns.php?return_id=20', '2025-10-25 15:28:09'),
(30, 7, 'New Return Request', 'New return request for \'INSECTICIDES-Mahishmati\' from Order #000240. Please review and take action.', 'warning', 1, 'seller-returns.php?return_id=21', '2025-10-26 05:34:14'),
(31, 7, 'New Return Request', 'New return request for \'Imidart\' from Order #000229. Please review and take action.', 'warning', 1, 'seller-returns.php?return_id=22', '2025-10-29 10:23:04'),
(32, 11, '🎉 New Order Received!', 'You have a new order #000244 totaling ₱4,059.93. Please review and process it.', 'success', 1, 'view-orders.php', '2025-10-29 10:36:01'),
(33, 7, '🎉 New Order Received!', 'You have a new order #000245 totaling ₱120.00. Please review and process it.', 'success', 0, 'view-orders.php', '2025-10-29 11:03:16'),
(34, 7, 'Order Status Updated', '✅ Order #000245 moved to Processing', 'info', 0, 'view-orders.php', '2025-10-29 11:05:00'),
(35, 7, 'Order Status Updated', '🚚 Order #000245 has been shipped', 'info', 1, 'view-orders.php', '2025-10-29 11:08:20'),
(36, 7, 'Order Status Updated', '📦 Order #000245 was delivered', 'info', 1, 'view-orders.php', '2025-10-29 11:08:33'),
(37, 7, '🎉 New Order Received!', 'You have a new order #000246 totaling ₱400.00. Please review and process it.', 'success', 0, 'view-orders.php', '2025-10-29 11:50:30'),
(38, 7, '🎉 New Order Received!', 'You have a new order #000247 totaling ₱400.00. Please review and process it.', 'success', 0, 'view-orders.php', '2025-10-29 11:50:55'),
(39, 7, 'Order Status Updated', '✅ Order #000246 moved to Processing', 'info', 0, 'view-orders.php', '2025-10-29 11:51:35'),
(40, 7, '🎉 New Order Received!', 'You have a new order #000248 totaling ₱320.00. Please review and process it.', 'success', 0, 'view-orders.php', '2025-10-29 15:19:41'),
(41, 7, 'Order Status Updated', '✅ Order #000248 moved to Processing', 'info', 0, 'view-orders.php', '2025-10-29 15:21:08'),
(42, 7, 'Order Status Updated', '✅ Order #000247 moved to Processing', 'info', 0, 'view-orders.php', '2025-10-29 16:18:03'),
(43, 7, 'Order Status Updated', '🚚 Order #000248 has been shipped', 'info', 0, 'view-orders.php', '2025-10-29 16:44:43'),
(44, 7, 'Order Status Updated', '🚚 Order #000247 has been shipped', 'info', 0, 'view-orders.php', '2025-10-29 16:50:05'),
(45, 7, 'Order Status Updated', '🚚 Order #000246 has been shipped', 'info', 0, 'view-orders.php', '2025-10-29 16:50:07'),
(46, 7, 'Order Status Updated', '📦 Order #000248 was delivered', 'info', 0, 'view-orders.php', '2025-10-29 16:50:37'),
(47, 7, 'Order Status Updated', '📦 Order #000247 was delivered', 'info', 1, 'view-orders.php', '2025-10-29 16:50:55'),
(48, 7, '🎉 New Order Received!', 'You have a new order #000249 totaling ₱220.00. Please review and process it.', 'success', 1, 'view-orders.php', '2025-10-30 12:08:54'),
(49, 7, '🎉 New Order Received!', 'You have a new order #000250 totaling ₱90.00. Please review and process it.', 'success', 1, 'view-orders.php', '2025-10-30 15:12:28'),
(50, 11, 'Order Status Updated', '✅ Order #000127 moved to Processing', 'info', 1, 'view-orders.php', '2025-11-01 06:56:42'),
(51, 11, 'Order Status Updated', '🚚 Order #000133 has been shipped', 'info', 1, 'view-orders.php', '2025-11-01 06:57:33'),
(52, 11, '🎉 New Order Received!', 'You have a new order #000251 totaling ₱611.42. Please review and process it.', 'success', 1, 'view-orders.php', '2025-11-01 07:24:44'),
(53, 7, '🎉 New Order Received!', 'You have a new order #000252 totaling ₱100.00. Please review and process it.', 'success', 0, 'view-orders.php', '2025-11-01 07:24:44'),
(54, 7, '🎉 New Order Received!', 'You have a new order #000253 totaling ₱100.00. Please review and process it.', 'success', 0, 'view-orders.php', '2025-11-02 20:21:07'),
(55, 11, '✅ Product Reactivated', 'Your product \'OOKAS Powerful Electric Mosquito Killer Lamp Fly Killer Uv Light Insect Killer\' (ID: #31) has been reactivated by admin and is now active and visible to customers again.', 'success', 1, 'manage-products.php', '2025-11-04 04:50:17'),
(56, 11, '⏸️ Product Suspended', 'Your product \'OOKAS Powerful Electric Mosquito Killer Lamp Fly Killer Uv Light Insect Killer\' (ID: #31) has been suspended by admin. It is temporarily hidden from customers.', 'warning', 1, 'manage-products.php', '2025-11-04 04:50:34'),
(57, 7, '🎉 New Order Received!', 'You have a new order #000254 totaling ₱500.00. Please review and process it.', 'success', 0, 'view-orders.php', '2025-11-05 08:46:57'),
(58, 11, 'Order Status Updated', '✅ Order #000251 moved to Processing', 'info', 1, 'view-orders.php', '2025-11-05 09:08:48'),
(59, 11, 'Order Status Updated', '🚚 Order #000251 has been shipped', 'info', 1, 'view-orders.php', '2025-11-05 09:08:58'),
(60, 11, 'Order Status Updated', '📦 Order #000251 was delivered', 'info', 1, 'view-orders.php', '2025-11-05 09:36:22'),
(61, 11, 'Order Status Updated', '✅ Order #000227 moved to Processing', 'info', 1, 'view-orders.php', '2025-11-05 09:50:57'),
(62, 11, 'Order Status Updated', '✅ Order #000243 moved to Processing', 'info', 1, 'view-orders.php', '2025-11-05 09:51:02'),
(63, 11, 'Order Status Updated', '🚚 Order #000243 has been shipped', 'info', 1, 'view-orders.php', '2025-11-05 09:51:10'),
(64, 11, 'Order Status Updated', '📦 Order #000243 was delivered', 'info', 1, 'view-orders.php', '2025-11-05 09:51:35'),
(65, 11, 'Order Status Updated', '🚚 Order #000227 has been shipped', 'info', 1, 'view-orders.php', '2025-11-05 09:51:57'),
(66, 11, 'Order Status Updated', '📦 Order #000227 was delivered', 'info', 1, 'view-orders.php', '2025-11-05 09:52:05'),
(67, 11, 'Order Status Updated', '🚚 Order #000203 has been shipped', 'info', 1, 'seller-order-details.php?order_id=203', '2025-11-06 08:46:31'),
(68, 11, 'Order Status Updated', '📦 Order #000203 was delivered', 'info', 1, 'seller-order-details.php?order_id=203', '2025-11-06 08:46:54'),
(69, 11, 'Order Status Updated', '✅ Order #000201 moved to Processing', 'info', 1, 'seller-order-details.php?order_id=201', '2025-11-06 08:58:27'),
(70, 1, '❌ Product Rejected', 'Your product \'pisteee\' (ID: #4) has been rejected by admin. Please review and resubmit if needed.', 'warning', 0, 'manage-products.php', '2025-11-06 09:48:27'),
(71, 7, '🎉 New Order Received!', 'You have a new order #000255 totaling ₱120.00. Please review and process it.', 'success', 0, 'seller-order-details.php?order_id=255', '2025-11-06 11:27:28'),
(72, 11, '🎉 New Order Received!', 'You have a new order #000256 totaling ₱749.00. Please review and process it.', 'success', 0, 'seller-order-details.php?order_id=256', '2025-11-06 22:57:20'),
(73, 11, '🎉 New Order Received!', 'You have a new order #000257 totaling ₱749.00. Please review and process it.', 'success', 1, 'seller-order-details.php?order_id=257', '2025-11-06 22:58:20'),
(74, 11, '🎉 New Order Received!', 'You have a new order #000258 totaling ₱449.00. Please review and process it.', 'success', 0, 'seller-order-details.php?order_id=258', '2025-11-07 05:35:44'),
(75, 11, '🎉 New Order Received!', 'You have a new order #000259 totaling ₱449.00. Please review and process it.', 'success', 0, 'seller-order-details.php?order_id=259', '2025-11-07 05:35:56'),
(76, 11, '🎉 New Order Received!', 'You have a new order #000260 totaling ₱449.00. Please review and process it.', 'success', 0, 'seller-order-details.php?order_id=260', '2025-11-07 05:37:39'),
(77, 7, '🎉 New Order Received!', 'You have a new order #000261 totaling ₱400.00. Please review and process it.', 'success', 0, 'seller-order-details.php?order_id=261', '2025-11-07 05:40:21'),
(78, 7, '🎉 New Order Received!', 'You have a new order #000262 totaling ₱400.00. Please review and process it.', 'success', 0, 'seller-order-details.php?order_id=262', '2025-11-07 05:40:33'),
(79, 11, '🎉 New Order Received!', 'You have a new order #000263 totaling ₱300.00. Please review and process it.', 'success', 0, 'seller-order-details.php?order_id=263', '2025-11-07 05:40:33'),
(80, 11, '🎉 New Order Received!', 'You have a new order #000264 totaling ₱1,143.79. Please review and process it.', 'success', 0, 'seller-order-details.php?order_id=264', '2025-11-07 05:41:08'),
(81, 11, '🎉 New Order Received!', 'You have a new order #000265 totaling ₱1,143.79. Please review and process it.', 'success', 0, 'seller-order-details.php?order_id=265', '2025-11-07 05:46:31'),
(82, 7, '🎉 New Order Received!', 'You have a new order #000266 totaling ₱120.00. Please review and process it.', 'success', 0, 'seller-order-details.php?order_id=266', '2025-11-07 05:47:01'),
(83, 11, '🎉 New Order Received!', 'You have a new order #000267 totaling ₱611.42. Please review and process it.', 'success', 0, 'seller-order-details.php?order_id=267', '2025-11-07 05:47:45'),
(84, 11, '🎉 New Order Received!', 'You have a new order #000268 totaling ₱300.00. Please review and process it.', 'success', 0, 'seller-order-details.php?order_id=268', '2025-11-07 05:48:06'),
(85, 11, '🎉 New Order Received!', 'You have a new order #000269 totaling ₱915.39. Please review and process it.', 'success', 0, 'seller-order-details.php?order_id=269', '2025-11-07 05:48:25'),
(86, 11, '🎉 New Order Received!', 'You have a new order #000270 totaling ₱1,562.13. Please review and process it.', 'success', 0, 'seller-order-details.php?order_id=270', '2025-11-07 06:03:21'),
(97, 7, '🎉 New Order Received!', 'You have a new order #000281 totaling ₱120.00. Please review and process it.', 'success', 0, 'seller-order-details.php?order_id=281', '2025-11-07 06:38:26'),
(98, 11, '🎉 New Order Received!', 'You have a new order #000282 totaling ₱300.00. Please review and process it.', 'success', 0, 'seller-order-details.php?order_id=282', '2025-11-07 06:38:26'),
(121, 7, '🎉 New Order Received!', 'You have a new order #000305 totaling ₱90.00. Please review and process it.', 'success', 0, 'seller-order-details.php?order_id=305', '2025-11-07 20:36:19'),
(122, 11, '🎉 New Order Received!', 'You have a new order #000306 totaling ₱300.00. Please review and process it.', 'success', 0, 'seller-order-details.php?order_id=306', '2025-11-07 20:36:19'),
(123, 11, '🎉 New Order Received!', 'You have a new order #000307 totaling ₱300.00. Please review and process it.', 'success', 0, 'seller-order-details.php?order_id=307', '2025-11-07 20:46:45'),
(124, 11, '🎉 New Order Received!', 'You have a new order #000308 totaling ₱3,299.13. Please review and process it.', 'success', 1, 'seller-order-details.php?order_id=308', '2025-11-08 05:27:37'),
(125, 7, '🎉 New Order Received!', 'You have a new order #000309 totaling ₱90.00. Please review and process it.', 'success', 0, 'seller-order-details.php?order_id=309', '2025-11-08 05:30:39'),
(126, 11, 'Order Status Updated', '✅ Order #000308 moved to Processing', 'info', 0, 'seller-order-details.php?order_id=308', '2025-11-08 06:44:33'),
(127, 11, 'Order Status Updated', '🚚 Order #000308 has been shipped', 'info', 0, 'seller-order-details.php?order_id=308', '2025-11-08 06:45:18'),
(128, 11, 'Order Status Updated', '📦 Order #000308 was delivered', 'info', 0, 'seller-order-details.php?order_id=308', '2025-11-08 06:46:55'),
(129, 11, 'Order Completed', '✅ Order #000308 has been completed by customer', '', 1, 'seller-order-details.php?order_id=308', '2025-11-08 07:07:28'),
(130, 11, 'Order Completed', '✅ Order #000251 has been completed by customer', '', 1, 'seller-order-details.php?order_id=251', '2025-11-08 07:07:34'),
(131, 11, 'Order Completed', '✅ Order #000227 has been completed by customer', '', 1, 'seller-order-details.php?order_id=227', '2025-11-08 07:11:21'),
(132, 7, 'Order Completed', '✅ Order #000223 has been completed by customer', '', 0, 'seller-order-details.php?order_id=223', '2025-11-08 07:17:16'),
(133, 11, 'Order Completed', '✅ Order #000222 has been completed by customer', '', 1, 'seller-order-details.php?order_id=222', '2025-11-08 07:17:41'),
(134, 7, 'Order Completed', '✅ Order #000222 has been completed by customer', '', 0, 'seller-order-details.php?order_id=222', '2025-11-08 07:17:41'),
(135, 11, 'Order Status Updated', '✅ Order #000307 moved to Processing', 'info', 0, 'seller-order-details.php?order_id=307', '2025-11-08 07:31:21'),
(136, 11, 'Order Status Updated', '🚚 Order #000307 has been shipped', 'info', 1, 'seller-order-details.php?order_id=307', '2025-11-08 07:31:25'),
(137, 11, 'Order Status Updated', '📦 Order #000307 was delivered by courier', 'info', 1, 'seller-order-details.php?order_id=307', '2025-11-08 07:31:31'),
(138, 11, 'Order Completed', '✅ Order #000307 has been completed by customer', '', 1, 'seller-order-details.php?order_id=307', '2025-11-08 07:33:30'),
(139, 11, '🎉 New Order Received!', 'You have a new order #000310 totaling ₱300.00. Please review and process it.', 'success', 1, 'seller-order-details.php?order_id=310', '2025-11-09 09:58:55'),
(140, 11, '🎉 New Order Received!', 'You have a new order #000311 totaling ₱749.00. Please review and process it.', 'success', 1, 'seller-order-details.php?order_id=311', '2025-11-09 10:08:31'),
(141, 11, '🎉 New Order Received!', 'You have a new order #000312 totaling ₱449.00. Please review and process it.', 'success', 1, 'seller-order-details.php?order_id=312', '2025-11-09 14:01:09'),
(142, 7, 'Order Completed', '✅ Order #000213 has been completed by customer', '', 0, 'seller-order-details.php?order_id=213', '2025-11-09 14:35:30'),
(143, 11, 'Order Completed', '✅ Order #000203 has been completed by customer', '', 1, 'seller-order-details.php?order_id=203', '2025-11-09 14:39:53'),
(144, 11, '🎉 New Order Received!', 'You have a new order #000313 totaling ₱760.80. Please review and process it.', 'success', 1, 'seller-order-details.php?order_id=313', '2025-11-09 14:43:45'),
(145, 11, 'Order Status Updated', '✅ Order #000312 moved to Processing', 'info', 0, 'seller-order-details.php?order_id=312', '2025-11-09 14:44:19'),
(146, 11, 'Order Status Updated', '🚚 Order #000312 has been shipped', 'info', 0, 'seller-order-details.php?order_id=312', '2025-11-09 14:44:23'),
(147, 11, 'Order Status Updated', '📦 Order #000312 was delivered by courier', 'info', 1, 'seller-order-details.php?order_id=312', '2025-11-09 14:44:28'),
(148, 11, 'Order Completed', '✅ Order #000312 has been completed by customer', '', 1, 'seller-order-details.php?order_id=312', '2025-11-09 14:44:53'),
(149, 11, '✅ Product Approved', 'Your product \'Original Miraculous Insecticide Chalk\' (ID: #34) has been approved by admin and is now active and visible to customers.', 'success', 0, 'manage-products.php', '2025-11-09 20:42:52'),
(150, 11, '🎉 New Order Received!', 'You have a new order #000314 totaling ₱12.00. Please review and process it.', 'success', 1, 'seller-order-details.php?order_id=314', '2025-11-10 00:36:27'),
(151, 1, '❌ Product Rejected', 'Your product \'piste\' (ID: #2) has been rejected by admin. Please review and resubmit if needed.', 'warning', 0, 'manage-products.php', '2025-11-10 02:06:48'),
(152, 11, '🎉 New Order Received!', 'You have a new order #000315 totaling ₱2,173.55. Please review and process it.', 'success', 0, 'seller-order-details.php?order_id=315', '2025-11-10 02:49:50'),
(153, 11, '🎉 New Order Received!', 'You have a new order #000316 totaling ₱12.00. Please review and process it.', 'success', 0, 'seller-order-details.php?order_id=316', '2025-11-10 02:53:36');

-- --------------------------------------------------------

--
-- Table structure for table `settings`
--

CREATE TABLE `settings` (
  `id` int(11) NOT NULL,
  `setting_key` varchar(100) NOT NULL,
  `setting_value` text NOT NULL,
  `description` text DEFAULT NULL,
  `created_at` timestamp NOT NULL DEFAULT current_timestamp(),
  `updated_at` timestamp NOT NULL DEFAULT current_timestamp() ON UPDATE current_timestamp()
) ENGINE=InnoDB DEFAULT CHARSET=utf8mb4 COLLATE=utf8mb4_general_ci;

--
-- Dumping data for table `settings`
--

INSERT INTO `settings` (`id`, `setting_key`, `setting_value`, `description`, `created_at`, `updated_at`) VALUES
(1, 'order_grace_period', '1', 'Grace period in minutes for customer order cancellation priority', '2025-09-26 16:02:03', '2025-11-09 21:57:27'),
(2, 'site_maintenance_mode', '0', 'Enable/disable site maintenance mode (0 = disabled, 1 = enabled)', '2025-09-26 16:02:03', '2025-09-26 16:02:03'),
(3, 'max_products_per_seller', '100', 'Maximum number of products a seller can list', '2025-09-26 16:02:03', '2025-09-26 16:02:03');

-- --------------------------------------------------------

--
-- Table structure for table `site_settings`
--

CREATE TABLE `site_settings` (
  `id` int(11) NOT NULL,
  `setting_key` varchar(100) NOT NULL,
  `setting_value` text NOT NULL,
  `updated_by` int(11) DEFAULT NULL,
  `created_at` timestamp NOT NULL DEFAULT current_timestamp(),
  `updated_at` timestamp NOT NULL DEFAULT current_timestamp() ON UPDATE current_timestamp()
) ENGINE=InnoDB DEFAULT CHARSET=utf8mb4 COLLATE=utf8mb4_general_ci;

--
-- Dumping data for table `site_settings`
--

INSERT INTO `site_settings` (`id`, `setting_key`, `setting_value`, `updated_by`, `created_at`, `updated_at`) VALUES
(1, 'maintenance_mode', '1', 0, '2025-11-08 09:22:23', '2025-11-10 03:18:13'),
(2, 'maintenance_message', 'We are currently performing scheduled maintenance. Please check back soon!', 0, '2025-11-08 09:22:23', '2025-11-08 09:22:23'),
(3, 'maintenance_start', '', 0, '2025-11-08 09:22:23', '2025-11-08 09:22:23'),
(4, 'maintenance_end', '', 0, '2025-11-08 09:22:23', '2025-11-08 09:22:23'),
(5, 'maintenance_auto_enable', '0', 0, '2025-11-08 09:22:23', '2025-11-08 09:22:23'),
(86, 'site_email', 'admin@pestctrl.com', 0, '2025-11-09 22:19:41', '2025-11-09 22:19:41'),
(87, 'site_phone', '+639155426466', 0, '2025-11-09 22:19:41', '2025-11-09 22:19:41'),
(88, 'site_address', 'Ecoland Drive, Matinu, Barangay Bacona, Davao City 8021 Davao Del Sur', 0, '2025-11-09 22:19:41', '2025-11-09 22:19:41');

-- --------------------------------------------------------

--
-- Table structure for table `users`
--

CREATE TABLE `users` (
  `id` int(11) NOT NULL,
  `username` varchar(50) NOT NULL,
  `email` varchar(100) NOT NULL,
  `password` varchar(255) NOT NULL,
  `remember_token` varchar(64) DEFAULT NULL,
  `user_type` enum('customer','admin','seller') DEFAULT 'customer',
  `is_active` tinyint(1) DEFAULT 1,
  `seller_status` enum('pending','approved','rejected','suspended','banned') DEFAULT 'pending',
  `document_path` varchar(255) DEFAULT NULL,
  `document_verified` tinyint(1) DEFAULT 0,
  `first_name` varchar(50) DEFAULT NULL,
  `last_name` varchar(50) DEFAULT NULL,
  `display_name` varchar(100) DEFAULT NULL,
  `address` text DEFAULT NULL,
  `phone` varchar(20) DEFAULT NULL,
  `created_at` timestamp NOT NULL DEFAULT current_timestamp(),
  `email_verified` tinyint(1) DEFAULT 0,
  `last_login` datetime DEFAULT NULL,
  `agreed_to_terms` tinyint(1) DEFAULT 0,
  `agreed_to_privacy` tinyint(1) DEFAULT 0,
  `pin` varchar(255) DEFAULT NULL
) ENGINE=InnoDB DEFAULT CHARSET=utf8mb4 COLLATE=utf8mb4_general_ci;

--
-- Dumping data for table `users`
--

INSERT INTO `users` (`id`, `username`, `email`, `password`, `remember_token`, `user_type`, `is_active`, `seller_status`, `document_path`, `document_verified`, `first_name`, `last_name`, `display_name`, `address`, `phone`, `created_at`, `email_verified`, `last_login`, `agreed_to_terms`, `agreed_to_privacy`, `pin`) VALUES
(1, 'step', 'jhon_gujol@sss.com', '$2y$10$xcogggs5Gu2GC4Zhrko1Iu11BltFKHyjH11o5jUkqM1gjPOW1u1tO', NULL, 'seller', 1, 'approved', NULL, 0, 'seller', 'sss', NULL, NULL, NULL, '2025-08-31 00:50:45', 0, NULL, 0, 0, NULL),
(2, 'seller1', 'seller1@example.com', '$2y$10$92IXUNpkjO0rOQ5byMi.Ye4oKoEa3Ro9llC/.og/at2.uheWG/igi', NULL, 'seller', 1, 'rejected', NULL, 0, 'John', 'Seller', NULL, NULL, NULL, '2025-09-12 14:00:15', 0, NULL, 0, 0, NULL),
(3, 'step1', 'jhon_gujolcustomer@sss.com', '$2y$10$F8NNXEXToobkAkzq2ks.suH.3SPDI5xCJj6okvmsS2qosgNyEOc72', NULL, 'customer', 0, 'pending', NULL, 0, 'customer', 'customer', NULL, 'asdasdasdasd', '0911212121', '2025-08-31 01:30:07', 0, NULL, 0, 0, NULL),
(4, 'buyer1', 'buyer1@example.com', '$2y$10$92IXUNpkjO0rOQ5byMi.Ye4oKoEa3Ro9llC/.og/at2.uheWG/igi', NULL, '', 1, 'pending', NULL, 0, 'Mike', 'Customer', NULL, NULL, NULL, '2025-09-12 14:00:15', 0, NULL, 0, 0, NULL),
(5, 'admin', 'admin@admin.com', '$2y$10$uoL9mzlJAwIGKJ44P6QrSOJh5ci569kuDu23C2TQkCuGr1tNMOZ4O', NULL, 'admin', 1, 'pending', NULL, 0, 'mendez', 'pangit', NULL, NULL, NULL, '2025-08-31 02:58:08', 0, NULL, 0, 0, NULL),
(6, 'admin2', 'adminStep@admin.com', '$2y$10$7AOyNuCFuGLqxy8DWEtbjusECwZJcxAlDqU4E909DNIWcqhlt0fOm', NULL, 'admin', 1, 'pending', NULL, 0, 'Step', 'Admin', NULL, NULL, NULL, '2025-09-05 14:24:42', 0, NULL, 0, 0, NULL),
(7, 'sellerStep123', 'jhongujol1299@gmail.com', '$2y$10$vFZPjnbercgy9x0wFo/LCOalIN2mqPJHC.ZIxuWvguZKYTcXWE2fW', NULL, 'seller', 1, 'approved', NULL, 0, 'step', 'step', NULL, 'asdasd', 'asdasd', '2025-09-10 13:33:46', 1, '2025-10-30 12:19:19', 0, 0, NULL),
(8, 'CustomerMendez123', 'andrealouise_mendez@sjp2cd.edu.ph', '$2y$10$Ho.8I402JOYBaTjPrZd/s.GP8f/t1ESZ7AZf1akza6DzRBiaebiAS', NULL, 'customer', 0, 'pending', NULL, 0, 'CustomerMendezz', 'anak Miropee', NULL, 'asdasdasdasdasd', '090909090', '2025-09-10 15:09:29', 1, '2025-09-28 10:32:17', 0, 0, NULL),
(9, 'customerStep123', 'jhon_gujol@sjp2cd.edu.ph', '$2y$10$XzoVPP7Y9dMnMYLkoRK19OPkvOeVb3MII3xowaBr.8Q/KhQIejiwW', NULL, 'customer', 0, 'pending', NULL, 0, 'Step', 'Stepin', NULL, 'AddressAddressAddressAddressAddress', '123123', '2025-09-13 17:23:27', 1, '2025-10-30 12:18:45', 0, 0, NULL),
(10, 'SellerIsagani123', 'isaganigujol@gmail.com', '$2y$10$VST0.nj97zy8lxnn0BlY..p9WqLrTASQbvDzbwB0mGGdZuVKvKFUa', NULL, 'seller', 1, 'approved', NULL, 0, 'SellerIsagani', 'SellerIsagani', NULL, NULL, NULL, '2025-09-16 18:28:34', 1, '2025-09-17 02:34:14', 0, 0, NULL),
(11, 'plantita', 'andreamndz101@gmail.com', '$2y$10$eybLK7Otyf.iHNdStaDDsOZ0RlVP7pjzp6.dTPM0Ur06Tq7czqX9u', NULL, 'seller', 1, 'approved', NULL, 0, 'Andrea', 'Mendez', 'Plantita', '', '', '2025-10-04 04:08:38', 1, '2025-11-10 02:50:07', 1, 1, NULL),
(12, 'affogattoast', 'heyllama11@gmail.com', '$2y$10$7QQADb5nvTxMpDk9ew6aZOioLrt6Tff4uV9knk7cNcOHXpFf0nwMe', NULL, 'customer', 1, 'pending', NULL, 0, 'Drea', 'Mendez', NULL, 'Bacanaya Village, Philippines 8000', '09770490613', '2025-10-04 04:54:29', 1, '2025-11-10 03:53:13', 1, 1, NULL),
(0, 'AM00', 'takenusername0010@gmail.com', '$2y$10$J2c8BqCf/P9Cqtgdt.6qjOF3kTxbW2MJn5ElEsYYarf6I/M1F7RBq', NULL, 'admin', 1, 'pending', NULL, 0, 'Andrea', 'Mendez', 'admin', NULL, '', '2025-10-08 08:10:15', 0, '2025-11-09 19:08:44', 0, 0, NULL),
(13, 'pestshield', 'pestshield@example.com', '$2y$10$92IXUNpkjO0rOQ5byMi.Ye4oKoEa3Ro9llC/.og/at2.uheWG/igi', NULL, 'seller', 1, 'approved', NULL, 0, 'Maria', 'Garcia', 'PestShield Express', NULL, NULL, '2025-11-05 07:03:03', 1, '2025-11-09 19:08:44', 1, 1, NULL),
(14, 'cropguard', 'cropguard@example.com', '$2y$10$92IXUNpkjO0rOQ5byMi.Ye4oKoEa3Ro9llC/.og/at2.uheWG/igi', NULL, 'seller', 1, 'approved', NULL, 0, 'David', 'Chen', 'CropGuard Premium', NULL, NULL, '2025-11-05 07:03:03', 1, '2025-11-09 19:08:44', 1, 1, NULL),
(15, 'greenlife', 'greenlife@example.com', '$2y$10$92IXUNpkjO0rOQ5byMi.Ye4oKoEa3Ro9llC/.og/at2.uheWG/igi', NULL, 'seller', 1, 'approved', NULL, 0, 'Sarah', 'Johnson', 'GreenLife Organics', NULL, NULL, '2025-11-05 07:03:03', 1, '2025-11-09 19:08:44', 1, 1, NULL),
(16, 'farmfresh', 'farmfresh@example.com', '$2y$10$92IXUNpkjO0rOQ5byMi.Ye4oKoEa3Ro9llC/.og/at2.uheWG/igi', NULL, 'seller', 1, 'approved', NULL, 0, 'Michael', 'Brown', 'FarmFresh Direct', NULL, NULL, '2025-11-05 07:03:03', 1, '2025-11-09 19:08:44', 1, 1, NULL),
(17, 'agritech', 'agritech@example.com', '$2y$10$92IXUNpkjO0rOQ5byMi.Ye4oKoEa3Ro9llC/.og/at2.uheWG/igi', NULL, 'seller', 1, 'approved', NULL, 0, 'Lisa', 'Anderson', 'AgriTech Innovations', NULL, NULL, '2025-11-05 07:03:03', 1, '2025-11-09 19:08:44', 1, 1, NULL),
(18, 'harvesthub', 'harvesthub@example.com', '$2y$10$92IXUNpkjO0rOQ5byMi.Ye4oKoEa3Ro9llC/.og/at2.uheWG/igi', NULL, 'seller', 1, 'approved', NULL, 0, 'Jennifer', 'Wilson', 'HarvestHub Co.', NULL, NULL, '2025-11-05 07:03:03', 1, '2025-11-09 19:08:44', 1, 1, NULL);

--
-- Indexes for dumped tables
--

--
-- Indexes for table `admin_notifications`
--
ALTER TABLE `admin_notifications`
  ADD PRIMARY KEY (`id`),
  ADD KEY `idx_admin_id` (`admin_id`),
  ADD KEY `idx_is_read` (`is_read`),
  ADD KEY `idx_created_at` (`created_at`);

--
-- Indexes for table `cart`
--
ALTER TABLE `cart`
  ADD PRIMARY KEY (`id`),
  ADD UNIQUE KEY `unique_user_product` (`user_id`,`product_id`),
  ADD KEY `user_id` (`user_id`),
  ADD KEY `product_id` (`product_id`);

--
-- Indexes for table `categories`
--
ALTER TABLE `categories`
  ADD PRIMARY KEY (`id`),
  ADD KEY `parent_id` (`parent_id`),
  ADD KEY `seller_id` (`seller_id`),
  ADD KEY `idx_categories_parent_id` (`parent_id`);

--
-- Indexes for table `discount_codes`
--
ALTER TABLE `discount_codes`
  ADD PRIMARY KEY (`id`),
  ADD UNIQUE KEY `code` (`code`);

--
-- Indexes for table `hidden_notifications`
--
ALTER TABLE `hidden_notifications`
  ADD PRIMARY KEY (`id`),
  ADD UNIQUE KEY `unique_user_order` (`user_id`,`order_id`);

--
-- Indexes for table `login_attempts`
--
ALTER TABLE `login_attempts`
  ADD PRIMARY KEY (`id`),
  ADD KEY `idx_username` (`username`),
  ADD KEY `idx_user_id` (`user_id`),
  ADD KEY `idx_created_at` (`created_at`),
  ADD KEY `idx_success` (`success`);

--
-- Indexes for table `low_stock_alerts`
--
ALTER TABLE `low_stock_alerts`
  ADD PRIMARY KEY (`id`),
  ADD KEY `product_id` (`product_id`),
  ADD KEY `seller_id` (`seller_id`);

--
-- Indexes for table `notifications`
--
ALTER TABLE `notifications`
  ADD PRIMARY KEY (`id`),
  ADD KEY `idx_user_id` (`user_id`),
  ADD KEY `idx_order_id` (`order_id`),
  ADD KEY `idx_created_at` (`created_at`);

--
-- Indexes for table `notification_reads`
--
ALTER TABLE `notification_reads`
  ADD PRIMARY KEY (`id`),
  ADD UNIQUE KEY `unique_read` (`user_id`,`order_id`,`notification_type`),
  ADD KEY `idx_user_id` (`user_id`);

--
-- Indexes for table `orders`
--
ALTER TABLE `orders`
  ADD PRIMARY KEY (`id`),
  ADD KEY `user_id` (`user_id`),
  ADD KEY `idx_status` (`status`),
  ADD KEY `idx_user_id` (`user_id`),
  ADD KEY `idx_created_at` (`created_at`),
  ADD KEY `idx_orders_delivery_date` (`delivery_date`),
  ADD KEY `idx_orders_payment_transaction` (`payment_transaction_id`),
  ADD KEY `idx_orders_seller` (`seller_id`),
  ADD KEY `idx_orders_user_seller` (`user_id`,`seller_id`);

--
-- Indexes for table `order_groups`
--
ALTER TABLE `order_groups`
  ADD PRIMARY KEY (`id`),
  ADD KEY `idx_payment_transaction` (`payment_transaction_id`);

--
-- Indexes for table `order_items`
--
ALTER TABLE `order_items`
  ADD PRIMARY KEY (`id`),
  ADD KEY `order_id` (`order_id`),
  ADD KEY `product_id` (`product_id`),
  ADD KEY `idx_order_id` (`order_id`),
  ADD KEY `idx_product_id` (`product_id`);

--
-- Indexes for table `order_status_history`
--
ALTER TABLE `order_status_history`
  ADD PRIMARY KEY (`id`),
  ADD KEY `order_id` (`order_id`),
  ADD KEY `updated_by` (`updated_by`),
  ADD KEY `idx_order_status_history_order_id` (`order_id`),
  ADD KEY `idx_order_status_history_status` (`status`);

--
-- Indexes for table `password_resets`
--
ALTER TABLE `password_resets`
  ADD PRIMARY KEY (`id`),
  ADD KEY `idx_user_id` (`user_id`),
  ADD KEY `idx_token_hash` (`token_hash`),
  ADD KEY `idx_expires` (`expires_at`);

--
-- Indexes for table `payments`
--
ALTER TABLE `payments`
  ADD PRIMARY KEY (`id`),
  ADD KEY `order_id` (`order_id`);

--
-- Indexes for table `payment_transactions`
--
ALTER TABLE `payment_transactions`
  ADD PRIMARY KEY (`id`),
  ADD KEY `idx_user_id` (`user_id`),
  ADD KEY `idx_payment_status` (`payment_status`),
  ADD KEY `idx_created_at` (`created_at`);

--
-- Indexes for table `products`
--
ALTER TABLE `products`
  ADD PRIMARY KEY (`id`),
  ADD KEY `category_id` (`category_id`),
  ADD KEY `seller_id` (`seller_id`),
  ADD KEY `idx_products_rating` (`rating`),
  ADD KEY `idx_products_review_count` (`review_count`),
  ADD KEY `idx_seller_id` (`seller_id`),
  ADD KEY `idx_products_category_id` (`category_id`),
  ADD KEY `idx_products_seller_id` (`seller_id`),
  ADD KEY `idx_products_status` (`status`);

--
-- Indexes for table `product_features`
--
ALTER TABLE `product_features`
  ADD PRIMARY KEY (`id`),
  ADD KEY `product_id` (`product_id`);

--
-- Indexes for table `product_images`
--
ALTER TABLE `product_images`
  ADD KEY `idx_product_images_product_id` (`product_id`);

--
-- Indexes for table `product_reviews`
--
ALTER TABLE `product_reviews`
  ADD KEY `idx_product_reviews_product_id` (`product_id`),
  ADD KEY `idx_product_reviews_created_at` (`created_at`);

--
-- Indexes for table `return_photos`
--
ALTER TABLE `return_photos`
  ADD PRIMARY KEY (`id`),
  ADD KEY `return_request_id` (`return_request_id`);

--
-- Indexes for table `return_requests`
--
ALTER TABLE `return_requests`
  ADD PRIMARY KEY (`id`),
  ADD KEY `order_id` (`order_id`),
  ADD KEY `seller_id` (`seller_id`),
  ADD KEY `customer_id` (`customer_id`),
  ADD KEY `status` (`status`),
  ADD KEY `created_at` (`created_at`),
  ADD KEY `product_id` (`product_id`);

--
-- Indexes for table `seller_notifications`
--
ALTER TABLE `seller_notifications`
  ADD PRIMARY KEY (`id`),
  ADD KEY `idx_seller_id` (`seller_id`),
  ADD KEY `idx_is_read` (`is_read`),
  ADD KEY `idx_created_at` (`created_at`);

--
-- Indexes for table `site_settings`
--
ALTER TABLE `site_settings`
  ADD PRIMARY KEY (`id`),
  ADD UNIQUE KEY `setting_key` (`setting_key`);

--
-- Indexes for table `users`
--
ALTER TABLE `users`
  ADD KEY `idx_users_user_type` (`user_type`);

--
-- AUTO_INCREMENT for dumped tables
--

--
-- AUTO_INCREMENT for table `admin_notifications`
--
ALTER TABLE `admin_notifications`
  MODIFY `id` int(11) NOT NULL AUTO_INCREMENT, AUTO_INCREMENT=38;

--
-- AUTO_INCREMENT for table `cart`
--
ALTER TABLE `cart`
  MODIFY `id` int(10) UNSIGNED NOT NULL AUTO_INCREMENT, AUTO_INCREMENT=366;

--
-- AUTO_INCREMENT for table `discount_codes`
--
ALTER TABLE `discount_codes`
  MODIFY `id` int(11) NOT NULL AUTO_INCREMENT, AUTO_INCREMENT=3;

--
-- AUTO_INCREMENT for table `hidden_notifications`
--
ALTER TABLE `hidden_notifications`
  MODIFY `id` int(11) NOT NULL AUTO_INCREMENT, AUTO_INCREMENT=213;

--
-- AUTO_INCREMENT for table `login_attempts`
--
ALTER TABLE `login_attempts`
  MODIFY `id` int(11) NOT NULL AUTO_INCREMENT, AUTO_INCREMENT=3;

--
-- AUTO_INCREMENT for table `notifications`
--
ALTER TABLE `notifications`
  MODIFY `id` int(11) NOT NULL AUTO_INCREMENT, AUTO_INCREMENT=109;

--
-- AUTO_INCREMENT for table `notification_reads`
--
ALTER TABLE `notification_reads`
  MODIFY `id` int(11) NOT NULL AUTO_INCREMENT, AUTO_INCREMENT=4747;

--
-- AUTO_INCREMENT for table `orders`
--
ALTER TABLE `orders`
  MODIFY `id` int(10) UNSIGNED NOT NULL AUTO_INCREMENT, AUTO_INCREMENT=317;

--
-- AUTO_INCREMENT for table `order_groups`
--
ALTER TABLE `order_groups`
  MODIFY `id` int(11) NOT NULL AUTO_INCREMENT;

--
-- AUTO_INCREMENT for table `order_items`
--
ALTER TABLE `order_items`
  MODIFY `id` int(10) UNSIGNED NOT NULL AUTO_INCREMENT, AUTO_INCREMENT=423;

--
-- AUTO_INCREMENT for table `order_status_history`
--
ALTER TABLE `order_status_history`
  MODIFY `id` int(10) UNSIGNED NOT NULL AUTO_INCREMENT, AUTO_INCREMENT=1254;

--
-- AUTO_INCREMENT for table `password_resets`
--
ALTER TABLE `password_resets`
  MODIFY `id` int(11) NOT NULL AUTO_INCREMENT, AUTO_INCREMENT=7;

--
-- AUTO_INCREMENT for table `payment_transactions`
--
ALTER TABLE `payment_transactions`
  MODIFY `id` int(11) NOT NULL AUTO_INCREMENT, AUTO_INCREMENT=190;

--
-- AUTO_INCREMENT for table `products`
--
ALTER TABLE `products`
  MODIFY `id` int(10) UNSIGNED NOT NULL AUTO_INCREMENT, AUTO_INCREMENT=35;

--
-- AUTO_INCREMENT for table `return_photos`
--
ALTER TABLE `return_photos`
  MODIFY `id` int(11) NOT NULL AUTO_INCREMENT, AUTO_INCREMENT=24;

--
-- AUTO_INCREMENT for table `return_requests`
--
ALTER TABLE `return_requests`
  MODIFY `id` int(11) NOT NULL AUTO_INCREMENT, AUTO_INCREMENT=26;

--
-- AUTO_INCREMENT for table `seller_notifications`
--
ALTER TABLE `seller_notifications`
  MODIFY `id` int(11) NOT NULL AUTO_INCREMENT, AUTO_INCREMENT=154;

--
-- AUTO_INCREMENT for table `site_settings`
--
ALTER TABLE `site_settings`
  MODIFY `id` int(11) NOT NULL AUTO_INCREMENT, AUTO_INCREMENT=94;

--
-- Constraints for dumped tables
--

--
-- Constraints for table `orders`
--
ALTER TABLE `orders`
  ADD CONSTRAINT `fk_orders_payment_transaction` FOREIGN KEY (`payment_transaction_id`) REFERENCES `payment_transactions` (`id`) ON DELETE SET NULL;
COMMIT;

/*!40101 SET CHARACTER_SET_CLIENT=@OLD_CHARACTER_SET_CLIENT */;
/*!40101 SET CHARACTER_SET_RESULTS=@OLD_CHARACTER_SET_RESULTS */;
/*!40101 SET COLLATION_CONNECTION=@OLD_COLLATION_CONNECTION */;
